Postal Code,Sales,Cluster_KMeans,Cluster_GMM
42420.0,261.96,2,3
42420.0,731.94,2,3
90036.0,14.62,1,1
33311.0,957.5775,2,3
33311.0,22.368,2,1
90032.0,48.86,1,0
90032.0,7.28,1,1
90032.0,907.152,1,3
90032.0,18.504,1,1
90032.0,114.9,1,0
90032.0,1706.184,3,2
90032.0,911.424,1,3
28027.0,15.552,0,1
98103.0,407.976,1,3
76106.0,68.81,1,0
76106.0,2.544,1,1
53711.0,665.88,2,3
84084.0,55.5,1,0
94109.0,8.56,1,1
94109.0,213.48,1,0
94109.0,22.72,1,1
68025.0,19.46,1,1
68025.0,60.34,1,3
19140.0,71.372,0,4
84057.0,1044.63,1,3
90049.0,11.648,1,1
90049.0,90.57,1,0
19140.0,3083.43,3,2
19140.0,9.618,0,1
19140.0,124.2,0,4
19140.0,3.264,0,1
19140.0,86.304,0,4
19140.0,6.858,0,1
19140.0,15.76,0,1
77095.0,29.472,1,1
75080.0,1097.544,1,3
75080.0,190.92,1,3
77041.0,113.328,1,0
77041.0,532.3992,1,3
77041.0,212.058,1,3
77041.0,371.168,1,3
60540.0,147.168,2,3
90049.0,77.88,1,0
32935.0,95.616,2,4
55122.0,45.98,2,4
55122.0,17.46,2,1
48185.0,211.96,2,3
19901.0,45.0,0,4
19901.0,21.8,0,1
47150.0,38.22,2,1
47150.0,75.18,2,4
47150.0,6.16,2,1
47150.0,89.99,2,4
10024.0,15.26,0,1
10024.0,1029.95,0,3
12180.0,208.56,0,3
12180.0,32.4,0,1
12180.0,319.41,0,3
12180.0,14.56,0,1
12180.0,30.0,0,1
12180.0,48.48,0,4
12180.0,1.68,0,1
90004.0,13.98,1,1
90004.0,25.824,1,1
90004.0,146.73,1,0
90004.0,79.76,1,0
60610.0,213.115,2,3
85234.0,1113.024,1,3
85234.0,167.968,1,0
22153.0,75.88,0,4
10009.0,4.616,0,1
49201.0,19.05,2,1
38109.0,831.936,2,3
38109.0,97.04,2,4
38109.0,72.784,2,4
77041.0,1.248,1,1
77041.0,9.708,1,1
77041.0,27.24,1,1
77070.0,19.3,1,1
35601.0,208.16,2,3
35601.0,16.74,2,1
94122.0,14.9,1,1
94122.0,21.39,1,1
27707.0,200.984,0,3
60623.0,230.376,2,3
29203.0,301.96,0,3
55901.0,19.99,2,1
55901.0,6.16,2,1
77095.0,158.368,1,0
90036.0,20.1,1,1
90036.0,73.584,1,0
90036.0,6.48,1,1
55407.0,12.96,2,1
55407.0,53.34,2,4
55407.0,32.96,2,1
97206.0,5.682,1,1
10009.0,96.53,0,4
94122.0,51.312,1,0
55106.0,77.88,2,4
60610.0,64.624,2,4
60610.0,95.976,2,4
60610.0,1.788,2,1
55901.0,23.92,2,1
80013.0,238.896,1,3
80013.0,102.36,1,0
80013.0,36.882,1,0
28205.0,74.112,0,4
28205.0,27.992,0,1
28205.0,3.304,0,1
60462.0,339.96,2,3
10035.0,41.96,0,4
50322.0,75.96,2,4
50322.0,27.24,2,1
43229.0,40.096,2,4
43229.0,4.72,2,1
43229.0,23.976,2,1
43229.0,130.464,2,4
98103.0,787.53,1,3
37620.0,157.794,2,4
19805.0,47.04,0,4
19805.0,30.84,0,1
19805.0,226.56,0,3
19805.0,115.02,0,4
19805.0,68.04,0,4
77041.0,600.558,1,3
61701.0,617.7,2,3
85023.0,2.388,1,1
85023.0,243.992,1,0
90004.0,81.424,1,0
90004.0,238.56,1,0
43229.0,59.97,2,4
43229.0,78.304,2,4
43229.0,21.456,2,1
95661.0,20.04,1,1
95661.0,35.44,1,0
95661.0,11.52,1,1
95661.0,4.02,1,1
95661.0,76.176,1,0
95661.0,65.88,1,0
95661.0,43.12,1,0
19140.0,82.8,0,4
94122.0,8.82,1,1
94122.0,10.86,1,1
94122.0,143.7,1,0
64055.0,839.43,2,3
91104.0,671.93,1,3
43055.0,93.888,2,4
53132.0,384.45,2,3
53132.0,149.97,2,4
53132.0,1951.84,3,2
53132.0,171.55,2,3
85254.0,157.92,1,0
85254.0,203.184,1,0
95123.0,58.38,1,0
95123.0,105.52,1,0
95123.0,80.88,1,0
98105.0,6.63,1,1
98115.0,457.568,1,3
73034.0,14.62,1,1
73034.0,944.93,1,3
90045.0,5.98,1,1
19134.0,54.384,0,4
88220.0,28.4,1,0
98115.0,27.68,1,1
78207.0,9.936,1,1
78207.0,8159.952,4,2
78207.0,275.928,1,3
78207.0,1740.06,3,2
78207.0,32.064,1,1
78207.0,177.98,1,0
78207.0,143.976,1,0
90004.0,20.94,1,1
90004.0,110.96,1,0
90004.0,340.144,1,3
60623.0,52.448,2,4
60623.0,20.16,2,1
77036.0,97.264,1,0
43055.0,396.802,2,3
43055.0,15.88,2,1
10009.0,3.28,0,1
62521.0,24.816,2,1
62521.0,408.744,2,3
71203.0,503.96,1,3
71203.0,149.95,1,3
71203.0,29.0,1,1
6824.0,7.16,0,1
90032.0,176.8,1,0
75051.0,37.224,1,1
75051.0,20.016,1,1
10035.0,899.136,0,3
10035.0,71.76,0,4
10035.0,51.84,0,4
10035.0,626.352,0,3
10035.0,19.9,0,1
92374.0,14.28,1,1
45011.0,7.408,2,1
45011.0,6.048,2,1
7090.0,46.26,0,4
19120.0,2.946,0,1
19120.0,16.056,0,1
44312.0,21.744,2,1
80219.0,218.75,1,0
80219.0,2.6,1,1
75220.0,66.284,1,0
37064.0,35.168,2,1
90604.0,444.768,1,3
48601.0,83.92,2,4
48601.0,131.98,2,4
48601.0,15.92,2,1
48601.0,52.29,2,4
48601.0,91.99,2,4
75220.0,20.8,1,1
44256.0,23.68,2,1
44256.0,452.45,2,3
44256.0,62.982,2,4
44256.0,1188.0,3,2
44256.0,89.584,2,4
90032.0,93.06,1,0
90032.0,302.376,1,3
43017.0,5.584,2,1
43017.0,22.704,2,1
43017.0,19.776,2,1
43017.0,72.704,2,4
43017.0,479.988,2,3
43017.0,27.168,2,1
48227.0,2.2,2,1
48227.0,622.45,2,3
48227.0,21.98,2,1
38401.0,161.568,2,4
38401.0,389.696,2,3
28205.0,18.648,0,1
33614.0,233.86,2,3
33614.0,620.6145,2,3
33614.0,5.328,2,1
33614.0,258.072,2,3
33614.0,617.976,2,3
95051.0,10.56,1,1
60610.0,25.92,2,1
60610.0,419.68,2,3
60610.0,11.688,2,1
60610.0,31.984,2,1
60610.0,177.225,2,3
60610.0,4.044,2,1
60610.0,7.408,2,1
55044.0,2001.86,3,2
55044.0,166.72,2,3
55044.0,47.88,2,4
55044.0,1503.25,3,2
55044.0,25.92,2,1
94109.0,321.568,1,3
92037.0,7.61,1,1
92037.0,3347.37,3,2
10024.0,80.58,0,4
10024.0,361.92,0,3
60623.0,12.132,2,1
60623.0,82.368,2,4
60623.0,53.92,2,4
60623.0,647.904,2,3
10009.0,20.37,0,1
10009.0,221.55,0,3
10009.0,17.52,0,1
77506.0,1.624,1,1
77036.0,3059.982,3,2
77036.0,2519.958,3,2
60610.0,328.224,2,3
94513.0,79.9,1,0
27514.0,14.016,0,1
7960.0,7.56,0,1
45231.0,37.208,2,1
45231.0,57.576,2,4
94110.0,725.84,1,3
94109.0,209.93,1,0
94109.0,5.28,1,1
94109.0,10.92,1,1
90301.0,8.82,1,1
90301.0,5.98,1,1
19140.0,11.648,0,1
19140.0,18.176,0,1
19140.0,59.712,0,4
19140.0,24.84,0,1
77070.0,2.08,1,1
77070.0,1114.4,1,3
90004.0,1038.84,1,3
97206.0,141.76,1,0
97206.0,239.8,1,0
97206.0,31.104,1,0
33319.0,254.058,2,3
33319.0,194.528,2,3
33319.0,961.48,2,3
43229.0,19.096,2,1
43229.0,18.496,2,1
43229.0,255.984,2,3
43229.0,86.97,2,4
80906.0,300.416,1,3
80906.0,230.352,1,0
80906.0,218.352,1,0
80906.0,78.6,1,0
80906.0,27.552,1,1
7109.0,32.4,0,1
7109.0,1082.48,0,2
7109.0,56.91,0,4
7109.0,77.6,0,4
7109.0,14.28,0,1
60623.0,219.075,2,3
10024.0,26.8,0,1
48180.0,9.84,2,1
8701.0,45.48,0,4
8701.0,289.2,0,3
22204.0,4.89,0,1
80004.0,15.136,1,1
80004.0,466.768,1,3
80004.0,15.232,1,1
80004.0,6.264,1,1
7601.0,87.54,0,4
33710.0,178.384,2,4
33710.0,15.552,2,1
19143.0,99.136,0,4
10024.0,135.882,0,4
10024.0,3991.98,3,2
10024.0,275.94,0,3
10024.0,360.0,0,3
10024.0,43.57,0,4
90805.0,7.16,1,1
92345.0,251.52,1,0
92345.0,99.99,1,0
37130.0,15.992,2,1
19143.0,290.898,0,3
19143.0,54.224,0,4
19143.0,786.744,0,3
19143.0,100.24,0,4
19143.0,37.764,0,4
19134.0,82.8,0,4
19134.0,20.724,0,1
19134.0,4.896,0,1
90045.0,4.752,1,1
90045.0,959.984,1,3
90045.0,14.368,1,1
94122.0,7.712,1,1
94122.0,698.352,1,3
84041.0,4.96,1,1
19140.0,17.856,0,1
19140.0,509.97,0,3
19140.0,30.992,0,1
19140.0,71.928,0,4
78745.0,88.8,1,0
94122.0,47.976,1,0
1852.0,7.56,0,1
1852.0,24.56,0,1
1852.0,12.96,0,1
10009.0,6.79,0,1
10009.0,24.56,0,1
10009.0,3.048,0,1
10009.0,49.12,0,4
10009.0,4355.168,3,2
10035.0,388.704,0,3
10035.0,8.26,0,1
10035.0,17.04,0,1
10035.0,34.4,0,4
28205.0,36.24,0,4
31907.0,647.84,2,3
31907.0,20.7,2,1
10009.0,20.7,0,1
10009.0,488.646,0,3
10009.0,5.56,0,1
10009.0,47.12,0,4
94109.0,211.96,1,0
6040.0,23.2,0,1
6040.0,7.36,0,1
6040.0,104.79,0,4
6040.0,1043.92,0,3
78550.0,25.92,1,1
78550.0,53.424,1,0
85705.0,8.16,1,1
85705.0,1023.936,1,3
85705.0,9.24,1,1
85705.0,479.04,1,3
62301.0,99.136,2,4
2038.0,1488.424,3,2
77095.0,8.652,1,1
77095.0,23.832,1,1
77095.0,12.176,1,1
94109.0,50.96,1,0
94109.0,49.536,1,0
48180.0,41.9,2,4
33024.0,375.4575,2,3
33024.0,83.976,2,4
19140.0,482.34,0,3
19140.0,2.96,0,1
45231.0,2.624,2,1
10009.0,23.36,0,1
10009.0,39.98,0,4
98198.0,246.384,1,0
98198.0,1799.97,3,2
61604.0,12.462,2,1
89115.0,75.792,1,0
2886.0,49.96,0,4
2886.0,12.96,0,1
49201.0,70.12,2,4
77036.0,35.952,1,1
77036.0,2396.2656,3,2
77036.0,131.136,1,0
77036.0,57.584,1,0
33180.0,9.568,2,1
28403.0,39.072,0,4
10024.0,35.91,0,4
94110.0,179.95,1,0
94110.0,1199.976,1,2
94110.0,27.15,1,0
94110.0,1004.024,1,3
94110.0,9.68,1,1
94110.0,28.35,1,0
94110.0,55.98,1,0
94110.0,1336.829,3,2
94110.0,113.568,1,0
98105.0,139.86,1,0
98105.0,307.136,1,3
92646.0,95.92,1,0
90004.0,383.8,1,3
40475.0,5.78,2,1
90045.0,9.32,1,1
90045.0,15.25,1,1
80027.0,196.752,1,0
1841.0,56.56,0,4
1841.0,32.7,0,1
39212.0,866.4,2,3
48187.0,28.4,2,1
48187.0,287.92,2,3
10801.0,69.99,0,4
78207.0,6.672,1,1
28052.0,189.588,0,3
28052.0,408.744,0,3
28052.0,291.96,0,3
28052.0,4.768,0,1
1852.0,714.3,0,3
32216.0,4.812,2,1
32216.0,247.8,2,3
60623.0,1007.979,2,3
60623.0,313.488,2,3
77070.0,31.872,1,1
10024.0,207.846,0,3
48227.0,12.22,2,1
48227.0,194.94,2,3
48227.0,70.95,2,4
48227.0,91.36,2,4
48227.0,242.94,2,3
48227.0,22.05,2,1
47201.0,2.91,2,1
13021.0,59.52,0,4
13021.0,161.94,0,4
13021.0,263.88,0,3
13021.0,30.48,0,1
13021.0,9.84,0,1
13021.0,35.12,0,4
44312.0,284.364,2,3
44312.0,665.408,2,3
73071.0,63.88,1,0
94521.0,129.568,1,0
62521.0,747.558,2,3
62521.0,8.928,2,1
98115.0,103.92,1,0
98115.0,899.91,1,3
98115.0,51.312,1,0
85023.0,23.56,1,1
85023.0,1272.63,3,2
85023.0,28.485,1,1
85023.0,185.376,1,0
85023.0,78.272,1,0
60068.0,254.744,2,3
79109.0,205.3328,1,0
60610.0,4.788,2,1
11757.0,55.48,0,4
94110.0,340.92,1,3
94110.0,222.666,1,0
94110.0,703.968,1,3
94110.0,92.52,1,0
94110.0,62.65,1,0
94110.0,94.85,1,0
90008.0,95.76,1,0
12180.0,40.2,0,4
10024.0,14.7,0,1
10024.0,704.25,0,3
92024.0,9.09,1,1
10024.0,5.96,0,1
10024.0,159.98,0,4
90045.0,29.6,1,0
90045.0,514.165,1,3
90045.0,279.96,1,3
60610.0,2735.952,3,2
77340.0,7.992,1,1
77340.0,63.984,1,0
77340.0,70.368,1,0
14609.0,449.15,0,3
14609.0,11.07,0,1
98115.0,93.98,1,0
38109.0,189.882,2,3
72701.0,105.42,1,0
92627.0,119.616,1,0
92627.0,255.76,1,0
92627.0,241.568,1,0
92627.0,69.3,1,0
80134.0,22.62,1,1
80134.0,14.952,1,1
80134.0,801.568,1,3
80134.0,2.376,1,1
80134.0,32.792,1,1
10024.0,15.92,0,1
30318.0,2.74,0,1
30318.0,8.34,0,1
30318.0,46.74,0,4
30318.0,6354.95,3,2
64118.0,126.3,2,3
64118.0,38.04,2,1
43055.0,7.152,2,1
90049.0,6.63,1,1
90049.0,5.88,1,1
59405.0,2999.95,3,2
59405.0,51.45,2,4
59405.0,11.96,2,1
59405.0,1126.02,2,2
77041.0,18.392,1,1
77041.0,129.568,1,0
77041.0,14.112,1,1
48234.0,210.98,2,3
90032.0,55.176,1,0
90032.0,66.26,1,0
1841.0,22.2,0,1
33801.0,683.952,2,3
33801.0,45.696,2,4
19134.0,36.336,0,4
19134.0,666.248,0,3
19134.0,52.512,0,4
90036.0,190.72,1,0
90032.0,47.94,1,0
36116.0,979.95,2,3
36116.0,22.75,2,1
85204.0,16.768,1,1
60653.0,42.616,2,1
10009.0,10.752,0,1
42420.0,152.94,2,4
42420.0,283.92,2,3
54302.0,468.9,2,3
85705.0,380.864,1,3
45503.0,646.776,2,3
76106.0,58.112,1,0
76106.0,100.792,1,0
76106.0,66.112,1,0
10035.0,41.28,0,4
10035.0,13.36,0,1
60653.0,250.272,2,3
60653.0,11.364,2,1
60653.0,8.72,2,1
94110.0,1121.568,1,3
32216.0,34.504,2,1
77070.0,10.824,1,1
92804.0,1295.78,1,2
28403.0,19.456,0,1
90045.0,20.7,1,1
90045.0,1335.68,3,2
90045.0,32.4,1,0
94110.0,42.6,1,0
94110.0,84.056,1,0
33614.0,13.0,2,1
33614.0,13.128,2,1
98105.0,3.96,1,1
98105.0,2.61,1,1
90008.0,374.376,1,3
98105.0,91.84,1,0
98105.0,81.088,1,0
98105.0,19.44,1,1
98105.0,451.152,1,3
10024.0,72.45,0,4
10024.0,13.96,0,1
10024.0,33.264,0,4
10024.0,14.85,0,1
98270.0,8.82,1,1
90805.0,160.72,1,0
90805.0,19.92,1,1
90805.0,7.3,1,1
60610.0,69.712,2,4
60610.0,8.792,2,1
90004.0,51.52,1,0
80219.0,470.376,1,3
80219.0,105.584,1,0
80219.0,31.152,1,1
80219.0,6.783,1,1
80219.0,406.368,1,3
40475.0,70.98,2,4
40475.0,294.93,2,3
97301.0,84.784,1,0
97301.0,20.736,1,1
97301.0,16.821,1,1
97301.0,10.368,1,1
78041.0,9.344,1,1
78041.0,31.2,1,1
92024.0,76.12,1,0
92024.0,1199.976,1,2
92024.0,445.96,1,3
92024.0,327.76,1,3
19134.0,11.632,0,1
19120.0,143.982,0,4
19120.0,494.376,0,3
19120.0,5.84,0,1
33614.0,142.776,2,4
33614.0,45.696,2,4
33614.0,7.218,2,1
33614.0,43.188,2,4
33614.0,131.904,2,4
19134.0,3.282,0,1
19134.0,21.168,0,1
19134.0,55.188,0,4
75217.0,369.576,1,3
75217.0,15.712,1,1
19143.0,8.448,0,1
19143.0,728.946,0,3
43123.0,119.94,2,4
43123.0,3.648,2,1
10011.0,40.48,0,4
10011.0,9.94,0,1
10011.0,107.424,0,4
10011.0,37.91,0,4
10011.0,88.02,0,4
60610.0,8.69,2,1
48126.0,301.96,2,3
48126.0,555.21,2,3
48126.0,523.48,2,3
48126.0,161.82,2,4
10009.0,35.56,0,4
98115.0,97.16,1,0
94122.0,15.24,1,1
94122.0,13.23,1,1
80013.0,243.384,1,3
80013.0,119.8,1,0
80013.0,300.768,1,3
33180.0,17.88,2,1
33180.0,235.944,2,3
31088.0,392.94,0,3
80013.0,18.882,1,1
80013.0,122.328,1,0
94591.0,1049.2,1,3
94591.0,15.424,1,1
55407.0,18.84,2,1
92691.0,330.4,1,3
92691.0,26.25,1,1
48307.0,132.52,2,4
7060.0,6.48,0,1
47201.0,209.3,2,3
85635.0,31.56,1,0
85635.0,30.144,1,0
98661.0,14.8,1,1
98661.0,302.376,1,3
98661.0,316.0,1,3
10024.0,379.4,0,3
10035.0,97.82,0,4
10035.0,103.12,0,4
43229.0,113.552,2,4
43229.0,3.318,2,1
43229.0,134.288,2,4
60505.0,701.372,2,3
60505.0,2.308,2,1
76017.0,999.432,1,3
76017.0,724.08,1,3
76017.0,918.785,1,3
76017.0,2.724,1,1
10011.0,459.95,0,3
40214.0,10.74,2,1
75081.0,23.76,1,1
75081.0,85.056,1,0
75081.0,381.576,1,3
44105.0,30.36,2,1
60653.0,23.976,2,1
60653.0,108.925,2,4
60653.0,36.352,2,1
62301.0,19.56,2,1
47201.0,61.44,2,4
47201.0,38.9,2,1
47201.0,99.39,2,4
75701.0,2.688,1,1
75701.0,27.816,1,1
75701.0,82.524,1,0
75701.0,182.994,1,0
10024.0,14.352,0,1
10024.0,64.96,0,4
10024.0,68.6,0,4
27217.0,7999.98,4,2
27217.0,167.44,0,4
39212.0,479.97,2,3
39212.0,14.62,2,1
39212.0,19.44,2,1
10035.0,191.984,0,3
22980.0,104.01,0,4
22980.0,284.82,0,3
22980.0,36.84,0,4
90036.0,166.24,1,0
90036.0,33.4,1,0
19013.0,198.272,0,3
19013.0,47.36,0,4
19013.0,200.984,0,3
19013.0,97.696,0,4
19013.0,2.696,0,1
19013.0,18.588,0,1
19013.0,4.896,0,1
44105.0,15.072,2,1
98103.0,209.88,1,0
90805.0,369.912,1,3
27511.0,10.368,0,1
27511.0,166.84,0,4
27511.0,15.216,0,1
10035.0,119.96,0,4
10035.0,883.92,0,3
10035.0,46.72,0,4
10035.0,55.48,0,4
32137.0,24.448,2,1
10550.0,281.34,0,3
10550.0,307.98,0,3
10550.0,299.97,0,3
98105.0,19.92,1,1
19901.0,9.94,0,1
43055.0,103.056,2,4
84057.0,59.808,1,0
84057.0,73.32,1,0
90045.0,146.82,1,0
48205.0,1652.94,3,2
48205.0,296.37,2,3
19140.0,129.92,0,4
33012.0,45.584,2,4
78745.0,17.568,1,1
78745.0,55.992,1,0
11572.0,182.72,0,4
11572.0,400.032,0,3
11572.0,33.63,0,4
11572.0,542.646,0,3
11572.0,6.3,0,1
98115.0,242.94,1,0
98115.0,179.97,1,0
98115.0,99.696,1,0
98115.0,27.936,1,1
98115.0,84.98,1,0
98115.0,18.72,1,1
94110.0,49.98,1,0
60540.0,11.784,2,1
60540.0,272.736,2,3
60540.0,3.54,2,1
75220.0,51.52,1,0
75220.0,3.528,1,1
75220.0,4.624,1,1
75220.0,55.168,1,0
92105.0,567.12,1,3
92105.0,359.32,1,3
60201.0,11.992,2,1
48183.0,58.05,2,4
48183.0,157.74,2,4
48183.0,56.98,2,4
48183.0,2.88,2,1
94110.0,1199.976,1,2
90036.0,79.92,1,0
32216.0,383.438,2,3
55016.0,24.56,2,1
55016.0,119.8,2,4
10009.0,13.128,0,1
54302.0,22.72,2,1
90004.0,58.32,1,0
30318.0,12.39,0,1
43229.0,107.982,2,4
71111.0,11.36,1,1
71111.0,50.94,1,0
71111.0,646.74,1,3
71111.0,5.64,1,1
71111.0,572.58,1,3
33710.0,310.88,2,3
22204.0,641.96,0,3
50315.0,18.28,2,1
50315.0,207.0,2,3
50315.0,32.35,2,1
50315.0,7.71,2,1
50315.0,40.3,2,1
50315.0,34.58,2,1
45231.0,32.76,2,1
94110.0,544.008,1,3
94110.0,59.94,1,0
94110.0,23.92,1,1
94110.0,4.28,1,1
43229.0,32.07,2,1
43229.0,24.0,2,1
43229.0,35.49,2,1
43229.0,47.984,2,4
29203.0,186.69,0,3
93534.0,17.456,1,1
93534.0,348.928,1,3
23223.0,143.96,0,4
23223.0,15.42,0,1
23223.0,43.04,0,4
23223.0,332.94,0,3
28806.0,1363.96,3,2
94110.0,9.96,1,1
94110.0,21.72,1,1
55901.0,20.16,2,1
14609.0,132.79,0,4
14609.0,12.96,0,1
14609.0,21.56,0,1
92530.0,283.92,1,3
92105.0,22.23,1,1
92105.0,215.968,1,0
10024.0,355.32,0,3
71203.0,12.96,1,1
94122.0,18.28,1,1
80219.0,43.176,1,0
80219.0,1983.968,3,2
68104.0,28.4,1,1
68104.0,149.97,1,3
98026.0,11.52,1,1
98026.0,1298.55,1,2
98026.0,213.92,1,0
98026.0,25.78,1,1
92704.0,18.28,1,1
92704.0,1399.93,3,2
53209.0,51.84,2,4
19140.0,5.344,0,1
19140.0,41.472,0,4
19140.0,3.168,0,1
19140.0,1228.465,0,2
19140.0,31.086,0,1
19140.0,335.52,0,3
7109.0,239.97,0,3
7109.0,9.82,0,1
94110.0,67.8,1,0
94110.0,167.97,1,0
55044.0,35.0,2,1
55044.0,37.24,2,1
55044.0,15.28,2,1
41042.0,301.96,2,3
41042.0,180.66,2,3
41042.0,191.98,2,3
41042.0,65.99,2,4
33614.0,35.216,2,1
33614.0,23.696,2,1
33614.0,265.475,2,3
75701.0,51.184,1,0
38401.0,9.664,2,1
76106.0,21.072,1,1
10035.0,60.45,0,4
10035.0,11.52,0,1
10035.0,186.048,0,3
90036.0,37.44,1,0
90036.0,26.976,1,0
90036.0,11.36,1,1
90036.0,14.62,1,1
40214.0,83.72,2,4
40214.0,287.94,2,3
44052.0,48.896,2,4
7036.0,115.36,0,4
93905.0,5.16,1,1
93905.0,38.88,1,0
39212.0,185.88,2,3
10035.0,44.46,0,4
10035.0,242.94,0,3
10035.0,39.96,0,4
10035.0,102.3,0,4
10035.0,21.36,0,1
8901.0,7.61,0,1
8901.0,7.16,0,1
94122.0,7.36,1,1
94122.0,23.1,1,1
32216.0,191.472,2,3
32216.0,5.248,2,1
32216.0,59.184,2,4
22153.0,2.89,0,1
22153.0,51.94,0,4
19140.0,15.936,0,1
17602.0,44.91,0,4
19143.0,1141.47,0,2
19143.0,280.782,0,3
3301.0,34.44,0,4
10009.0,11.36,0,1
10009.0,106.344,0,4
28205.0,192.16,0,3
3301.0,322.59,0,3
3301.0,29.99,0,1
3301.0,371.97,0,3
19120.0,5.892,0,1
10024.0,68.472,0,4
10024.0,1242.9,0,2
22153.0,30.84,0,1
94109.0,13.48,1,1
48227.0,31.4,2,1
14609.0,17.46,0,1
90045.0,13.944,1,1
92105.0,83.76,1,0
21044.0,37.66,0,4
94122.0,34.68,1,0
10801.0,149.95,0,4
10801.0,51.312,0,4
48227.0,4.54,2,1
48227.0,15.92,2,1
48227.0,543.92,2,3
94122.0,155.82,1,0
94122.0,70.008,1,0
77095.0,15.648,1,1
48227.0,103.6,2,4
13021.0,46.96,0,4
45503.0,8.904,2,1
75043.0,10.44,1,1
75043.0,18.336,1,1
60653.0,323.976,2,3
90032.0,20.04,1,1
90032.0,64.96,1,0
90032.0,12.96,1,1
10009.0,323.136,0,3
10009.0,90.93,0,4
10009.0,52.776,0,4
49201.0,1199.8,3,2
49201.0,1928.78,3,2
49201.0,352.38,2,3
6360.0,22.2,0,1
53209.0,46.94,2,4
53209.0,143.73,2,4
78207.0,99.918,1,0
78207.0,797.944,1,3
78207.0,8.568,1,1
75220.0,149.352,1,0
75220.0,12.992,1,1
22304.0,24.56,0,1
10009.0,85.14,0,4
10009.0,21.99,0,1
10009.0,406.6,0,3
10011.0,841.568,0,3
19143.0,15.552,0,1
19143.0,252.0,0,3
22153.0,46.2,0,4
22153.0,28.84,0,1
43615.0,14.592,2,1
43615.0,89.856,2,4
43615.0,13.872,2,1
19140.0,12.192,0,1
19120.0,45.056,0,4
19120.0,29.718,0,1
19120.0,15.552,0,1
19120.0,447.696,0,3
87401.0,159.99,1,0
92503.0,12.96,1,1
92503.0,134.48,1,0
94110.0,17.12,1,1
90503.0,6.096,1,1
90503.0,1114.272,1,3
98105.0,32.4,1,0
98105.0,540.57,1,3
98105.0,167.76,1,0
85204.0,393.165,1,3
19120.0,516.488,0,3
19120.0,1007.232,0,3
19120.0,2065.32,3,2
19120.0,15.552,0,1
19120.0,25.344,0,1
19143.0,25.472,0,1
78664.0,27.168,1,1
78664.0,78.8528,1,0
39212.0,173.8,2,4
85023.0,29.592,1,1
85023.0,4.752,1,1
85023.0,15.552,1,1
92054.0,204.6,1,0
94110.0,321.568,1,3
72701.0,6.24,1,1
94110.0,21.88,1,1
33433.0,4.608,2,1
10011.0,9.82,0,1
10011.0,35.97,0,4
10011.0,12.96,0,1
10011.0,191.6,0,3
10011.0,8.64,0,1
10011.0,501.81,0,3
19134.0,127.104,0,4
19134.0,124.2,0,4
19134.0,18.588,0,1
19134.0,30.072,0,1
10011.0,160.93,0,4
10011.0,75.792,0,4
97206.0,1.08,1,1
48205.0,3059.982,3,2
28403.0,3.282,0,1
47201.0,34.02,2,1
10035.0,599.292,0,3
80027.0,3.392,1,1
80027.0,559.984,1,3
80027.0,603.92,1,3
77506.0,7.968,1,1
77506.0,27.968,1,1
77506.0,336.51,1,3
77041.0,1.112,1,1
13021.0,520.05,0,3
13021.0,17.97,0,1
32216.0,1166.92,2,2
10024.0,14.624,0,1
95123.0,10.23,1,1
95123.0,154.9,1,0
23464.0,2715.93,3,2
23464.0,617.97,0,3
42420.0,10.67,2,1
42420.0,36.63,2,1
42420.0,24.1,2,1
42420.0,33.11,2,1
98661.0,44.02,1,0
10024.0,2309.65,3,2
10024.0,1090.782,0,2
10024.0,19.44,0,1
92563.0,484.65,1,3
28540.0,115.296,0,4
85254.0,7.08,1,1
85254.0,4.401,1,1
52601.0,44.75,2,4
60653.0,95.984,2,4
92037.0,151.72,1,0
98502.0,155.25,1,0
98502.0,14.03,1,1
98103.0,1618.37,3,2
98103.0,99.6,1,0
90036.0,32.4,1,0
10011.0,13.96,0,1
10011.0,155.82,0,4
10011.0,124.95,0,4
10011.0,601.65,0,3
20016.0,22.74,0,1
20016.0,1267.53,3,2
20016.0,1379.92,3,2
19134.0,6.208,0,1
90045.0,11.808,1,1
45503.0,15.552,2,1
45503.0,63.312,2,4
45503.0,15.588,2,1
7601.0,177.2,0,4
7601.0,197.97,0,3
7601.0,854.94,0,3
7601.0,124.11,0,4
7601.0,14.4,0,1
45231.0,15.696,2,1
45231.0,2.628,2,1
45231.0,14.427,2,1
65109.0,86.62,2,4
90004.0,36.624,1,0
27217.0,23.968,0,1
27217.0,28.728,0,1
63376.0,697.16,2,3
10035.0,31.86,0,1
10035.0,722.352,0,3
60610.0,8.84,2,1
60610.0,58.464,2,4
61107.0,254.604,2,3
33142.0,1363.96,3,2
33142.0,102.36,2,4
94109.0,1113.504,1,3
94109.0,99.99,1,0
19134.0,168.464,0,4
19134.0,6.72,0,1
19134.0,282.888,0,3
10009.0,11.16,0,1
10009.0,108.4,0,4
10009.0,82.344,0,4
10009.0,9.088,0,1
92037.0,19.936,1,1
92037.0,65.568,1,0
19143.0,4.416,0,1
77095.0,107.772,1,0
43615.0,45.216,2,4
43615.0,10.416,2,1
43615.0,7.872,2,1
43615.0,118.782,2,4
43615.0,1.448,2,1
43615.0,55.47,2,4
94122.0,194.848,1,0
78521.0,1.744,1,1
19143.0,25.176,0,1
90008.0,19.46,1,1
80219.0,29.472,1,1
10035.0,8.64,0,1
85204.0,6.27,1,1
85204.0,4.368,1,1
85204.0,31.984,1,0
47201.0,40.88,2,4
98105.0,119.96,1,0
98105.0,31.44,1,0
98105.0,6.88,1,1
48227.0,19.92,2,1
48227.0,1106.91,2,3
10701.0,836.592,0,3
10701.0,26.38,0,1
10701.0,362.92,0,3
10701.0,4899.93,3,2
50315.0,6.48,2,1
94601.0,71.976,1,0
94601.0,3.15,1,1
28110.0,31.984,0,1
28110.0,71.984,0,4
92105.0,120.15,1,0
92105.0,219.184,1,0
20735.0,28.9,0,1
20735.0,355.96,0,3
28205.0,348.208,0,3
28205.0,35.784,0,4
90049.0,447.84,1,3
94122.0,7.04,1,1
94122.0,8.73,1,1
94122.0,29.29,1,0
94122.0,8.64,1,1
77041.0,2.694,1,1
77041.0,2.934,1,1
92503.0,22.92,1,1
77041.0,100.704,1,0
77041.0,2.328,1,1
77041.0,10.78,1,1
77041.0,58.368,1,0
77041.0,40.968,1,0
77041.0,71.96,1,0
77041.0,10.368,1,1
77041.0,1.192,1,1
92024.0,46.672,1,0
92024.0,119.833,1,0
92024.0,119.98,1,0
94110.0,6.3,1,1
30076.0,279.9,0,3
30076.0,619.95,0,3
30076.0,4.36,0,1
30076.0,15.28,0,1
72401.0,699.93,1,3
72401.0,22.96,1,1
72401.0,38.6,1,1
72401.0,6.63,1,1
72401.0,23.34,1,1
72401.0,1067.94,1,3
47374.0,10.16,2,1
47374.0,101.88,2,4
22153.0,343.92,0,3
22153.0,40.99,0,4
22153.0,63.9,0,4
94509.0,19.44,1,1
19134.0,124.608,0,4
19134.0,7.56,0,1
33030.0,85.224,2,4
46350.0,287.52,2,3
46350.0,37.68,2,1
46350.0,19.98,2,1
46350.0,20.58,2,1
46350.0,17.38,2,1
90045.0,204.6,1,0
90045.0,8.72,1,1
90045.0,6.48,1,1
90045.0,686.32,1,3
90045.0,62.18,1,0
48911.0,644.076,2,3
48911.0,5.84,2,1
48911.0,12.76,2,1
48911.0,10.95,2,1
48911.0,599.98,2,3
44221.0,8.352,2,1
89502.0,3.64,1,1
89502.0,159.768,1,0
22801.0,122.48,0,4
22801.0,2244.48,3,2
22801.0,62.31,0,4
22801.0,455.1,0,3
90004.0,195.184,1,0
55407.0,362.94,2,3
55407.0,11.54,2,1
92025.0,53.94,1,0
10035.0,9.99,0,1
10035.0,125.76,0,4
10035.0,25.32,0,1
49201.0,46.8,2,4
98115.0,447.93,1,3
10035.0,109.48,0,4
10035.0,272.94,0,3
10035.0,19.44,0,1
10035.0,31.92,0,1
48073.0,22.38,2,1
90008.0,16.52,1,1
61701.0,5.176,2,1
10035.0,50.112,0,4
3301.0,27.93,0,1
90004.0,11.56,1,1
20852.0,172.5,0,4
20852.0,179.97,0,4
77070.0,258.696,1,3
8701.0,1322.93,0,2
8701.0,3.76,0,1
28540.0,21.744,0,1
28540.0,7.92,0,1
98103.0,12.096,1,1
98103.0,485.88,1,3
98103.0,25.92,1,1
98103.0,197.58,1,0
90036.0,81.92,1,0
90036.0,889.536,1,3
90036.0,892.224,1,3
90036.0,223.92,1,0
90036.0,23.12,1,1
33065.0,15.552,2,1
33065.0,15.712,2,1
33065.0,24.672,2,1
33065.0,55.968,2,4
77041.0,431.928,1,3
77041.0,95.984,1,0
77041.0,1088.792,1,3
80219.0,544.008,1,3
80219.0,1.872,1,1
80219.0,854.352,1,3
80219.0,593.568,1,3
80219.0,338.04,1,3
28205.0,271.96,0,3
10009.0,11.21,0,1
10009.0,9.144,0,1
10009.0,14.07,0,1
10009.0,41.86,0,4
10009.0,8.544,0,1
10009.0,579.136,0,3
19134.0,141.372,0,4
19134.0,3.036,0,1
19134.0,4.503,0,1
19134.0,4.672,0,1
19134.0,95.88,0,4
19134.0,17.024,0,1
19134.0,258.696,0,3
19134.0,1931.958,3,2
90036.0,249.75,1,0
90036.0,255.936,1,0
10024.0,113.79,0,4
10024.0,78.15,0,4
10024.0,1.728,0,1
10024.0,40.56,0,4
10024.0,182.94,0,4
10024.0,193.86,0,3
90045.0,15.28,1,1
90045.0,8.73,1,1
90045.0,5.68,1,1
14215.0,2.78,0,1
14215.0,79.96,0,4
45231.0,839.988,2,3
33437.0,47.952,2,4
33437.0,37.425,2,4
33437.0,63.968,2,4
33437.0,165.048,2,4
98105.0,12.35,1,1
98105.0,40.97,1,0
98105.0,22.96,1,1
10024.0,22.0,0,1
10009.0,398.352,0,3
10009.0,8.72,0,1
39503.0,48.69,2,4
93727.0,764.688,1,3
93727.0,3610.848,3,2
93727.0,254.9745,1,0
10009.0,38.82,0,4
10009.0,1141.938,0,2
10009.0,1704.56,3,2
10009.0,3.2,0,1
53209.0,1099.96,2,3
19013.0,5.248,0,1
19013.0,35.91,0,4
19013.0,6.696,0,1
19013.0,43.872,0,4
28205.0,27.882,0,1
28205.0,540.048,0,3
28205.0,255.68,0,3
32216.0,863.88,2,3
27834.0,17.616,0,1
11561.0,17.472,0,1
46350.0,69.9,2,4
46350.0,41.85,2,4
94122.0,6.57,1,1
90045.0,142.86,1,0
90045.0,292.272,1,3
80027.0,29.328,1,1
35630.0,12.48,2,1
60623.0,102.336,2,4
60623.0,48.792,2,4
60623.0,44.848,2,1
76106.0,10.368,1,1
76106.0,388.43,1,3
76106.0,14.352,1,1
76106.0,63.992,1,0
77070.0,86.352,1,0
31204.0,32.97,2,1
31204.0,83.88,2,4
52402.0,278.4,2,3
32216.0,15.12,2,1
32216.0,17.43,2,1
32216.0,251.64,2,3
78745.0,2.772,1,1
2908.0,14.9,0,1
10035.0,15.48,0,1
10009.0,39.88,0,4
10009.0,12.192,0,1
10009.0,20.82,0,1
94122.0,13.216,1,1
94122.0,32.4,1,0
92105.0,32.94,1,0
92105.0,114.2,1,0
92105.0,3.08,1,1
81001.0,845.728,1,3
94533.0,13.904,1,1
94533.0,20.72,1,1
55106.0,114.95,2,4
94109.0,26.96,1,0
22153.0,572.76,0,3
22153.0,286.38,0,3
22204.0,61.96,0,4
31907.0,23.99,2,1
31907.0,287.97,2,3
77036.0,419.944,1,3
91104.0,46.76,1,0
91104.0,17.712,1,1
91104.0,21.78,1,1
91104.0,161.94,1,0
91104.0,161.568,1,0
1841.0,3.69,0,1
1841.0,122.12,0,4
43229.0,155.372,2,4
90032.0,38.88,1,0
90032.0,183.84,1,0
90032.0,579.3,1,3
19120.0,14.2,0,1
32725.0,575.92,2,3
32725.0,5.184,2,1
45231.0,5.229,2,1
45231.0,285.552,2,3
42071.0,72.8,2,4
28403.0,10.816,0,1
1841.0,46.26,0,4
60653.0,17.46,2,1
19120.0,51.072,0,4
6360.0,11.34,0,1
94110.0,87.92,1,0
94109.0,37.05,1,0
44052.0,2.97,2,1
44052.0,27.44,2,1
75220.0,1.08,1,1
75220.0,7.96,1,1
90049.0,140.736,1,0
6457.0,552.56,0,3
90008.0,25.11,1,1
10011.0,29.78,0,1
10011.0,677.58,0,3
10011.0,75.04,0,4
28540.0,695.7,0,3
28540.0,15.66,0,1
28540.0,28.854,0,1
11520.0,47.82,0,4
11520.0,13.05,0,1
55044.0,93.78,2,4
55044.0,47.18,2,4
55044.0,19.68,2,1
55044.0,53.4,2,4
55044.0,35.88,2,1
60201.0,258.279,2,3
22204.0,31.4,0,1
94109.0,183.96,1,0
94109.0,17.61,1,1
94109.0,300.904,1,3
77036.0,220.776,1,3
77036.0,281.424,1,3
40214.0,79.14,2,4
76106.0,1.988,1,1
90049.0,145.568,1,0
19120.0,123.256,0,4
19120.0,23.68,0,1
19120.0,309.576,0,3
85705.0,38.388,1,0
85705.0,95.994,1,0
85705.0,239.952,1,0
85705.0,201.584,1,0
85705.0,899.136,1,3
90660.0,145.9,1,0
80906.0,590.058,1,3
80906.0,14.04,1,1
20735.0,49.08,0,4
94591.0,29.6,1,0
94591.0,17.088,1,1
84604.0,912.75,1,3
84062.0,1089.75,1,3
84062.0,447.84,1,3
84062.0,16.4,1,1
84062.0,399.96,1,3
84062.0,158.9,1,0
84062.0,13.184,1,1
60505.0,83.952,2,4
30080.0,80.98,0,4
30080.0,348.84,0,3
30080.0,9.45,0,1
30080.0,18.84,0,1
30080.0,239.98,0,3
30080.0,167.96,0,4
30080.0,104.85,0,4
30080.0,484.83,0,3
30080.0,122.97,0,4
30080.0,154.44,0,4
30080.0,342.37,0,3
27217.0,9.552,0,1
60505.0,652.45,2,3
60505.0,66.645,2,4
10035.0,17.216,0,1
10035.0,11.56,0,1
10035.0,88.4,0,4
10035.0,6.48,0,1
24153.0,21.8,0,1
24153.0,251.79,0,3
43229.0,205.176,2,3
43229.0,419.4,2,3
19143.0,10.304,0,1
19143.0,154.764,0,4
19143.0,116.784,0,4
10024.0,75.48,0,4
10024.0,39.98,0,4
85023.0,393.165,1,3
75051.0,23.68,1,1
10035.0,408.006,0,3
10035.0,165.28,0,4
10024.0,334.768,0,3
92627.0,239.97,1,0
92627.0,37.74,1,0
77041.0,946.344,1,3
77041.0,151.2,1,0
77041.0,4.928,1,1
85204.0,86.272,1,0
85204.0,72.588,1,0
85204.0,60.672,1,0
85204.0,77.031,1,0
85204.0,119.904,1,0
85204.0,263.96,1,3
85204.0,363.648,1,3
93905.0,9.728,1,1
93905.0,14.75,1,1
93905.0,29.8,1,0
93905.0,427.42,1,3
43229.0,220.752,2,3
35630.0,152.76,2,4
35630.0,7.27,2,1
35630.0,1819.86,3,2
98105.0,33.9,1,0
44134.0,31.104,2,1
44134.0,5.248,2,1
79109.0,263.88,1,3
79109.0,2453.43,3,2
2908.0,29.7,0,1
2908.0,39.96,0,4
94110.0,36.672,1,0
40475.0,13.76,2,1
80013.0,139.424,1,0
60623.0,1979.928,3,2
60653.0,164.736,2,3
60653.0,470.302,2,3
60653.0,47.984,2,4
19134.0,2.502,0,1
90008.0,88.752,1,0
85023.0,2.025,1,1
36608.0,70.98,2,4
36608.0,91.68,2,4
36608.0,33.75,2,1
36608.0,3040.0,3,2
31907.0,91.2,2,4
31907.0,452.94,2,3
2740.0,52.2,0,4
75061.0,15.936,1,1
6457.0,27.46,0,1
98103.0,55.424,1,0
8360.0,244.006,0,3
77506.0,159.984,1,0
77506.0,1024.716,1,3
10009.0,3.68,0,1
85301.0,121.376,1,0
85301.0,95.976,1,0
32216.0,255.968,2,3
48234.0,872.94,2,3
48234.0,41.54,2,4
48234.0,12.96,2,1
19120.0,6.848,0,1
90004.0,8.67,1,1
77036.0,6.688,1,1
14304.0,17.28,0,1
14304.0,17.712,0,1
10024.0,28.91,0,1
27360.0,52.136,0,4
92683.0,31.968,1,0
94122.0,25.92,1,1
94122.0,40.46,1,0
94122.0,33.87,1,0
38301.0,9.728,2,1
38301.0,3.424,2,1
98115.0,177.0,1,0
10035.0,3.76,0,1
90008.0,1212.848,1,2
90008.0,89.97,1,0
90008.0,42.6,1,0
19143.0,5.04,0,1
10024.0,62.96,0,4
10035.0,5.88,0,1
10035.0,977.292,0,3
98661.0,9.64,1,1
31907.0,40.05,2,4
75019.0,10.192,1,1
75019.0,16.784,1,1
75019.0,13.12,1,1
94122.0,18.16,1,1
78745.0,16.056,1,1
78745.0,223.056,1,3
78745.0,540.048,1,3
90045.0,33.52,1,0
90045.0,9.94,1,1
90004.0,6.72,1,1
90004.0,1004.976,1,3
10024.0,17.88,0,1
31907.0,396.0,2,3
68104.0,34.5,1,1
90036.0,8.36,1,1
91767.0,385.6,1,3
91767.0,35.82,1,0
75220.0,200.064,1,3
75220.0,21.38,1,1
75220.0,6.744,1,1
19120.0,63.686,0,4
89031.0,1669.6,3,2
98105.0,83.84,1,0
98105.0,13.272,1,1
94110.0,21.336,1,1
60610.0,16.52,2,1
85705.0,206.112,1,0
85705.0,19.92,1,1
85705.0,198.272,1,0
85705.0,247.104,1,0
85705.0,86.304,1,0
18103.0,4.16,0,1
18103.0,11.648,0,1
19711.0,26.18,0,1
19711.0,7.3,0,1
33142.0,74.352,2,4
85281.0,10.744,1,1
85281.0,8.376,1,1
10035.0,212.88,0,3
92677.0,203.983,1,0
8302.0,40.74,0,4
8302.0,11.67,0,1
2149.0,39.99,0,4
2149.0,16.28,0,1
2149.0,782.94,0,3
2149.0,242.48,0,3
43229.0,8.32,2,1
43229.0,10.464,2,1
92024.0,82.896,1,0
92024.0,34.24,1,0
13601.0,1573.488,3,2
78207.0,335.52,1,3
78207.0,23.912,1,1
78207.0,27.056,1,1
10011.0,559.992,0,3
77095.0,9.324,1,1
92024.0,111.96,1,0
54915.0,21.56,2,1
40475.0,124.75,2,4
98006.0,5.28,1,1
11561.0,91.96,0,4
19140.0,9.344,0,1
19140.0,79.36,0,4
98103.0,171.96,1,0
98103.0,35.352,1,0
94109.0,18.9,1,1
98115.0,2.78,1,1
10011.0,1044.63,0,3
19134.0,11.352,0,1
29203.0,354.9,0,3
98105.0,453.576,1,3
75002.0,21.48,1,1
75002.0,8.784,1,1
90004.0,122.97,1,0
30318.0,12.84,0,1
90004.0,603.92,1,3
90004.0,21.84,1,1
90004.0,29.99,1,0
90004.0,381.44,1,3
79907.0,40.68,1,0
79907.0,763.28,1,3
60505.0,23.952,2,1
35630.0,4.98,2,1
10011.0,170.88,0,4
10024.0,307.98,0,3
10024.0,382.806,0,3
10024.0,41.96,0,4
10024.0,1217.568,0,2
10024.0,47.04,0,4
10024.0,6.16,0,1
10024.0,979.95,0,3
10024.0,143.7,0,4
10024.0,10.65,0,1
10024.0,247.8,0,3
23464.0,10.96,0,1
76051.0,33.488,1,1
76051.0,8.04,1,1
98502.0,201.568,1,0
90032.0,13.44,1,1
61604.0,359.058,2,3
43229.0,47.992,2,4
10011.0,547.3,0,3
75007.0,16.896,1,1
75007.0,6.672,1,1
75007.0,99.136,1,0
75007.0,15.992,1,1
19901.0,211.96,0,3
37167.0,6.672,2,1
19711.0,155.94,0,4
90049.0,39.96,1,0
90049.0,5.46,1,1
90049.0,73.2,1,0
90049.0,5.84,1,1
90049.0,22.72,1,1
90049.0,9.336,1,1
90008.0,290.666,1,3
90008.0,201.584,1,0
90008.0,83.984,1,0
94601.0,1000.02,1,3
19143.0,83.976,0,4
55122.0,3.75,2,1
55122.0,41.4,2,1
55122.0,29.79,2,1
10011.0,59.48,0,4
10011.0,6.69,0,1
98031.0,198.46,1,0
98031.0,786.48,1,3
98031.0,23.168,1,1
98031.0,50.0,1,0
90049.0,675.96,1,3
90049.0,1265.85,1,2
10011.0,523.25,0,3
70506.0,517.5,1,3
44105.0,17.92,2,1
44105.0,41.256,2,4
44105.0,1006.056,2,3
44105.0,10.688,2,1
44105.0,10.368,2,1
44105.0,25.12,2,1
44105.0,58.112,2,4
97224.0,15.552,1,1
97224.0,669.08,1,3
97224.0,438.336,1,3
20016.0,19.44,0,1
20016.0,9.64,0,1
20016.0,12.7,0,1
20016.0,41.37,0,4
60076.0,12.624,2,1
98115.0,1247.64,1,2
98115.0,3149.93,3,2
98115.0,209.7,1,0
19140.0,35.36,0,4
19140.0,3.168,0,1
19143.0,121.104,0,4
19143.0,45.894,0,4
94110.0,109.92,1,0
94110.0,13.36,1,1
98105.0,169.68,1,0
98105.0,132.52,1,0
98105.0,2.96,1,1
98105.0,8.448,1,1
98105.0,95.94,1,0
53209.0,34.79,2,1
90045.0,160.776,1,0
98115.0,88.752,1,0
98115.0,13.904,1,1
19143.0,677.58,0,3
19143.0,13.896,0,1
75217.0,41.92,1,0
75217.0,297.576,1,3
75217.0,4.344,1,1
75217.0,94.992,1,0
75217.0,74.352,1,0
75217.0,14.04,1,1
10011.0,1018.104,0,3
77095.0,16.68,1,1
89031.0,58.58,1,0
75023.0,167.968,1,0
23434.0,196.62,0,3
77041.0,21.936,1,1
77041.0,6.588,1,1
94110.0,104.28,1,0
94110.0,17.94,1,1
19134.0,64.784,0,4
19134.0,32.382,0,1
19134.0,42.368,0,4
19134.0,399.54,0,3
90008.0,18.97,1,1
94110.0,14.82,1,1
19143.0,99.28,0,4
19143.0,1.188,0,1
19143.0,7.518,0,1
19140.0,10.368,0,1
19140.0,310.88,0,3
19143.0,853.092,0,3
46203.0,33.45,2,1
46203.0,10.4,2,1
43229.0,21.88,2,1
75023.0,13.616,1,1
7002.0,63.96,0,4
7002.0,14.46,0,1
7002.0,104.98,0,4
90008.0,106.96,1,0
90008.0,21.56,1,1
98115.0,515.88,1,3
10035.0,11.808,0,1
10035.0,1931.04,3,2
10035.0,9.96,0,1
92037.0,12.35,1,1
85301.0,9.702,1,1
19120.0,11.61,0,1
94122.0,43.86,1,0
94122.0,148.48,1,0
94122.0,7.42,1,1
94122.0,71.992,1,0
94122.0,19.9,1,1
94122.0,1702.12,3,2
77070.0,14.304,1,1
60610.0,765.625,2,3
94110.0,307.666,1,3
10011.0,7.712,0,1
10011.0,242.9,0,3
10011.0,454.9,0,3
10011.0,35.92,0,4
10011.0,39.76,0,4
10011.0,47.744,0,4
60623.0,159.984,2,3
60623.0,255.968,2,3
60623.0,359.058,2,3
19143.0,434.352,0,3
19143.0,3.552,0,1
19143.0,88.832,0,4
43017.0,1048.35,2,3
22153.0,100.0,0,4
22153.0,7.83,0,1
28314.0,96.256,0,4
28314.0,10.688,0,1
75081.0,338.04,1,3
75081.0,154.24,1,0
28540.0,34.848,0,4
28540.0,22.0,0,1
28540.0,4.368,0,1
94122.0,31.44,1,0
94122.0,17.9,1,1
94122.0,129.45,1,0
92037.0,20.88,1,1
19140.0,20.736,0,1
19140.0,7.168,0,1
19140.0,11.168,0,1
19140.0,442.4,0,3
14609.0,13.36,0,1
28540.0,11.232,0,1
28540.0,10.272,0,1
77095.0,10.368,1,1
77095.0,6.24,1,1
78207.0,206.962,1,0
94601.0,9.46,1,1
94122.0,559.62,1,3
94122.0,109.92,1,0
94122.0,8.56,1,1
76106.0,360.712,1,3
76106.0,1718.4,3,2
77095.0,41.568,1,0
77095.0,46.864,1,0
19143.0,19.536,0,1
92105.0,411.332,1,3
92105.0,28.752,1,0
92105.0,293.199,1,3
23434.0,35.06,0,4
23434.0,4.13,0,1
23434.0,109.8,0,4
23434.0,9.82,0,1
27405.0,7.644,0,1
27405.0,51.465,0,4
75081.0,6.976,1,1
75081.0,12.222,1,1
60623.0,97.984,2,4
60623.0,62.4,2,4
21215.0,20.86,0,1
21215.0,497.61,0,3
21215.0,5.34,0,1
21215.0,3.15,0,1
90004.0,368.91,1,3
90004.0,14.7,1,1
10011.0,59.97,0,4
10011.0,83.36,0,4
2038.0,6.58,0,1
2038.0,122.94,0,4
53209.0,219.84,2,3
53209.0,98.16,2,4
53209.0,33.04,2,1
53209.0,86.97,2,4
53142.0,134.97,2,4
53142.0,699.98,2,3
53142.0,139.95,2,4
10011.0,48.94,0,4
53711.0,2807.84,3,2
53711.0,46.64,2,4
77041.0,60.416,1,0
66062.0,107.94,2,3
10024.0,63.84,0,4
10024.0,347.97,0,3
10024.0,37.008,0,4
95123.0,215.65,1,0
75081.0,11.168,1,1
75081.0,53.952,1,0
98002.0,4.18,1,1
19134.0,5.607,0,1
19134.0,4663.736,3,2
19134.0,79.984,0,4
90049.0,2575.944,3,2
90049.0,45.36,1,0
90049.0,254.24,1,0
74133.0,69.93,1,0
60610.0,16.156,2,1
60610.0,54.816,2,4
22801.0,1441.3,3,2
43055.0,77.6,2,4
43055.0,4.656,2,1
90045.0,170.136,1,0
98105.0,7.38,1,1
98105.0,9.26,1,1
90036.0,9.96,1,1
60623.0,75.6,2,4
60623.0,29.32,2,1
60623.0,92.064,2,4
60623.0,6.976,2,1
60623.0,62.958,2,4
60623.0,5.184,2,1
97756.0,31.32,1,0
97756.0,11.84,1,1
97756.0,22.784,1,1
27604.0,1127.976,0,2
31204.0,38.88,2,4
44105.0,779.796,2,3
74403.0,1439.92,3,2
74403.0,262.11,1,3
28110.0,207.0,0,3
78745.0,1439.982,3,2
78745.0,36.288,1,1
6450.0,21.4,0,1
30076.0,1245.86,3,2
28205.0,17.544,0,1
28205.0,44.128,0,4
28205.0,62.92,0,4
28205.0,78.304,0,4
42104.0,140.81,2,4
78207.0,40.096,1,0
78207.0,40.784,1,0
98115.0,90.57,1,0
20016.0,40.08,0,4
20016.0,37.68,0,4
90004.0,362.352,1,3
90004.0,7.184,1,1
46614.0,34.76,2,1
46614.0,831.2,2,3
46614.0,26.4,2,1
46614.0,106.75,2,4
46614.0,97.82,2,4
46614.0,141.4,2,4
90032.0,14.52,1,1
77041.0,127.92,1,0
77041.0,34.24,1,1
6010.0,137.62,0,4
6010.0,100.49,0,4
10009.0,257.568,0,3
10009.0,119.96,0,4
78207.0,49.632,1,0
80013.0,727.45,1,3
80013.0,24.96,1,1
43055.0,370.782,2,3
89015.0,196.45,1,0
19143.0,31.104,0,1
19143.0,78.256,0,4
98103.0,6.48,1,1
94122.0,99.2,1,0
94122.0,801.568,1,3
94122.0,272.848,1,3
99207.0,70.98,1,0
43229.0,16.224,2,1
11561.0,176.784,0,4
78207.0,470.376,1,3
90049.0,393.568,1,3
90049.0,302.376,1,3
32216.0,68.742,2,4
10011.0,29.34,0,1
10011.0,383.607,0,3
10011.0,563.4,0,3
19143.0,217.056,0,3
76248.0,6.0,1,1
94122.0,31.56,1,0
33012.0,7.104,2,1
33012.0,398.352,2,3
45014.0,121.792,2,4
45014.0,409.59,2,3
92646.0,10.56,1,1
92646.0,3.38,1,1
32127.0,7.824,2,1
97504.0,24.784,1,1
22901.0,34.65,0,4
59801.0,487.984,2,3
55407.0,1793.98,3,2
33178.0,29.808,2,1
33178.0,505.176,2,3
33178.0,174.0585,2,4
29501.0,191.88,0,3
48205.0,14.78,2,1
97477.0,5.184,1,1
97477.0,478.48,1,3
97477.0,28.4,1,1
46203.0,909.12,2,3
32712.0,2.952,2,1
32712.0,27.018,2,1
90008.0,136.92,1,0
11572.0,18.96,0,1
90008.0,99.39,1,0
77041.0,273.896,1,3
77041.0,597.132,1,3
30076.0,149.95,0,4
33437.0,4.608,2,1
33437.0,15.528,2,1
33437.0,11.952,2,1
2038.0,11.65,0,1
48227.0,299.9,2,3
13601.0,895.92,0,3
13601.0,462.564,0,3
19601.0,15.008,0,1
76017.0,863.64,1,3
76017.0,47.616,1,0
92024.0,92.94,1,0
94110.0,199.98,1,0
90045.0,177.48,1,0
80219.0,88.768,1,0
98105.0,6.48,1,1
98105.0,46.51,1,0
98105.0,659.976,1,3
85254.0,271.992,1,3
70506.0,145.74,1,3
70506.0,15.4,1,1
94109.0,244.55,1,0
94109.0,166.16,1,0
94109.0,14.73,1,1
80020.0,19.968,1,1
80020.0,33.488,1,1
80020.0,8.736,1,1
80020.0,662.88,1,3
62301.0,47.36,2,4
62301.0,27.44,2,1
62301.0,3.24,2,1
75007.0,95.968,1,0
75007.0,10.368,1,1
10009.0,23.1,0,1
10009.0,11.54,0,1
10009.0,254.526,0,3
10009.0,12.98,0,1
10009.0,26.432,0,1
10009.0,197.97,0,3
10009.0,18.9,0,1
10009.0,1282.41,0,2
10009.0,4.92,0,1
10009.0,238.0,0,3
10009.0,167.97,0,4
10009.0,17.12,0,1
65807.0,16.2,2,1
65807.0,33.99,2,1
65807.0,296.85,2,3
65807.0,112.8,2,3
65807.0,13.71,2,1
65807.0,24.9,2,1
65807.0,286.29,2,3
65807.0,24.18,2,1
7501.0,281.97,0,3
7501.0,69.5,0,4
7501.0,166.44,0,4
74133.0,291.96,1,3
60623.0,6.408,2,1
60623.0,408.744,2,3
60610.0,5.104,2,1
60610.0,2.896,2,1
60610.0,35.016,2,1
36116.0,275.97,2,3
36116.0,1394.95,3,2
36116.0,545.88,2,3
97301.0,5.248,1,1
85301.0,933.536,1,3
85301.0,42.976,1,0
31907.0,3.76,2,1
73120.0,479.96,1,3
94513.0,320.88,1,3
94513.0,23.88,1,1
94513.0,26.76,1,1
43229.0,1439.976,3,2
65807.0,17.22,2,1
65807.0,1024.38,2,3
65807.0,26.22,2,1
65807.0,17.34,2,1
19134.0,4.956,0,1
97477.0,71.04,1,0
97477.0,5.344,1,1
97477.0,11.304,1,1
77036.0,294.62,1,3
77036.0,8.752,1,1
23320.0,15.0,0,1
23320.0,161.61,0,4
23320.0,144.95,0,4
91104.0,199.95,1,0
91104.0,41.86,1,0
40214.0,95.94,2,4
40214.0,304.45,2,3
79424.0,11.364,1,1
65203.0,29.68,2,1
65203.0,47.53,2,3
60623.0,183.372,2,3
37604.0,4.224,2,1
37604.0,333.056,2,3
37604.0,24.896,2,1
77041.0,159.984,1,0
77041.0,46.344,1,0
36830.0,350.98,2,3
36830.0,13.08,2,1
36830.0,900.08,2,3
92404.0,17.568,1,1
92404.0,14.62,1,1
92404.0,33.36,1,0
92404.0,40.14,1,0
2908.0,1606.23,3,2
2908.0,17.04,0,1
2908.0,49.53,0,4
2908.0,872.32,0,3
93727.0,239.12,1,0
98103.0,141.96,1,0
93534.0,33.024,1,0
93534.0,67.136,1,0
1453.0,14.73,0,1
1453.0,104.9,0,4
1453.0,61.04,0,4
1453.0,10.95,0,1
76106.0,9.392,1,1
76106.0,9.328,1,1
55901.0,8.26,2,1
55901.0,269.97,2,3
59715.0,29.04,2,1
59715.0,14.62,2,1
85345.0,11.952,1,1
85345.0,4.536,1,1
85345.0,9.156,1,1
85345.0,75.36,1,0
92105.0,57.504,1,0
44107.0,38.864,2,1
77095.0,15.552,1,1
8861.0,162.64,0,4
8861.0,597.0,0,3
8861.0,55.48,0,4
19134.0,289.8,0,3
19134.0,2.502,0,1
19134.0,6.48,0,1
19134.0,341.488,0,3
19134.0,11.12,0,1
19134.0,25.344,0,1
47374.0,17.31,2,1
48227.0,199.95,2,3
48227.0,1586.69,3,2
48227.0,84.99,2,4
48227.0,411.8,2,3
90049.0,11.34,1,1
90049.0,80.3,1,0
90049.0,15.968,1,1
90049.0,64.74,1,0
90049.0,19.296,1,1
90049.0,405.64,1,3
90049.0,146.352,1,0
90049.0,251.91,1,0
90049.0,12.39,1,1
91767.0,199.96,1,0
91767.0,710.832,1,3
19134.0,1.941,0,1
91761.0,283.92,1,3
98105.0,7.312,1,1
94513.0,59.97,1,0
94513.0,761.544,1,3
94122.0,58.2,1,0
21215.0,39.9,0,4
21215.0,90.86,0,4
21215.0,94.85,0,4
85023.0,106.232,1,0
85023.0,111.984,1,0
85023.0,7.712,1,1
90008.0,37.44,1,0
77036.0,23.68,1,1
10009.0,122.12,0,4
10009.0,18.45,0,1
10009.0,324.9,0,3
10009.0,146.73,0,4
10009.0,3.96,0,1
91730.0,5.76,1,1
19805.0,26.55,0,1
19805.0,310.443,0,3
56560.0,479.9,2,3
87401.0,12.88,1,1
28403.0,13.12,0,1
39212.0,511.84,2,3
39212.0,91.96,2,4
39212.0,8.34,2,1
97206.0,37.68,1,0
97206.0,279.944,1,3
80219.0,636.408,1,3
80219.0,83.168,1,0
85705.0,259.136,1,3
10009.0,221.92,0,3
10009.0,26.0,0,1
33437.0,15.552,2,1
75150.0,0.876,1,1
92374.0,19.98,1,1
92374.0,398.352,1,3
92374.0,5.04,1,1
92374.0,17.45,1,1
92374.0,323.136,1,3
92374.0,29.7,1,0
92374.0,1295.84,1,2
92374.0,46.84,1,0
92374.0,425.833,1,3
14609.0,209.67,0,3
95207.0,159.88,1,0
98105.0,5.28,1,1
98105.0,895.92,1,3
32174.0,2.808,2,1
94086.0,215.976,1,0
48911.0,241.96,2,3
48911.0,27.72,2,1
19143.0,104.68,0,4
19143.0,62.958,0,4
19143.0,86.376,0,4
19134.0,64.944,0,4
19134.0,20.736,0,1
3820.0,33.28,0,1
3820.0,38.52,0,4
3820.0,139.86,0,4
10011.0,19.65,0,1
19134.0,152.991,0,4
19134.0,10.584,0,1
19134.0,94.92,0,4
75051.0,14.76,1,1
75051.0,3.656,1,1
10009.0,146.82,0,4
11561.0,149.544,0,4
11561.0,17.14,0,1
11561.0,991.764,0,3
19140.0,30.48,0,1
19140.0,23.988,0,1
19140.0,16.688,0,1
17403.0,422.058,0,3
17403.0,38.088,0,4
17403.0,254.352,0,3
94521.0,43.31,1,0
10035.0,84.95,0,4
77840.0,233.058,1,3
63116.0,111.79,2,4
2169.0,14.94,0,1
10009.0,14.16,0,1
75081.0,22.608,1,1
90032.0,21.48,1,1
55407.0,501.81,2,3
55407.0,161.94,2,3
32725.0,17.856,2,1
60610.0,8.808,2,1
45231.0,79.384,2,4
94601.0,34.58,1,0
95336.0,314.55,1,3
78041.0,191.976,1,0
78041.0,8.288,1,1
78041.0,139.92,1,0
78041.0,15.872,1,1
78041.0,6.286,1,1
44240.0,14.016,2,1
44240.0,71.976,2,4
44240.0,107.982,2,4
76903.0,305.312,1,3
94122.0,19.752,1,1
77070.0,9.264,1,1
77041.0,61.792,1,0
84106.0,45.68,1,0
84106.0,60.12,1,0
84106.0,41.72,1,0
84106.0,71.6,1,0
10009.0,85.232,0,4
10009.0,44.4,0,4
10009.0,442.764,0,3
10009.0,3999.95,3,2
10009.0,199.95,0,3
10009.0,63.68,0,4
93905.0,54.896,1,0
35810.0,29.0,2,1
47201.0,70.08,2,4
47201.0,121.3,2,4
47201.0,1454.49,3,2
90049.0,60.81,1,0
98105.0,153.552,1,0
98105.0,65.34,1,0
98105.0,123.92,1,0
98105.0,35.1,1,0
98105.0,44.75,1,0
37918.0,4.704,2,1
36116.0,14.67,2,1
19120.0,15.552,0,1
19120.0,5.232,0,1
72209.0,22.2,1,1
72209.0,881.93,1,3
98103.0,6.096,1,1
98103.0,191.82,1,0
17602.0,20.104,0,1
37620.0,67.56,2,4
60505.0,29.932,2,1
60505.0,38.272,2,1
10009.0,16.52,0,1
6824.0,832.93,0,3
6824.0,43.8,0,4
48146.0,167.292,2,3
10035.0,27.42,0,1
95123.0,1.44,1,1
95123.0,61.776,1,0
95123.0,241.96,1,0
95123.0,108.608,1,0
32216.0,2.816,2,1
94110.0,9.984,1,1
94110.0,14.98,1,1
94110.0,1145.6,1,2
43302.0,485.94,2,3
43302.0,37.376,2,1
43302.0,70.686,2,4
19134.0,54.816,0,4
80122.0,72.294,1,0
78745.0,2.896,1,1
78745.0,124.792,1,0
10024.0,330.588,0,3
94122.0,673.568,1,3
94122.0,52.98,1,0
46350.0,526.45,2,3
60610.0,228.92,2,3
97206.0,319.968,1,3
58103.0,205.03,2,3
46203.0,190.86,2,3
46203.0,24.32,2,1
84604.0,44.4,1,0
60610.0,44.4,2,1
90049.0,1016.792,1,3
90049.0,38.136,1,0
19134.0,494.982,0,3
91104.0,56.56,1,0
91104.0,5.56,1,1
91104.0,9.02,1,1
91104.0,8.62,1,1
91104.0,659.976,1,3
90004.0,13.36,1,1
90004.0,41.72,1,0
90004.0,11.52,1,1
90004.0,541.44,1,3
90004.0,19.44,1,1
92105.0,143.7,1,0
94110.0,43.26,1,0
94110.0,43.56,1,0
4401.0,437.85,0,3
4401.0,109.48,0,4
94122.0,1212.96,1,2
94122.0,18.54,1,1
92024.0,5.0,1,1
92024.0,371.97,1,3
10035.0,166.24,0,4
22204.0,359.97,0,3
30318.0,499.98,0,3
30318.0,5.28,0,1
30318.0,8.26,0,1
28110.0,7.968,0,1
98115.0,12.96,1,1
14609.0,6.48,0,1
14609.0,6.984,0,1
33180.0,47.96,2,4
98105.0,199.74,1,0
94122.0,435.26,1,3
94122.0,1119.984,1,3
90036.0,143.432,1,0
90036.0,122.352,1,0
38671.0,306.2,2,3
38671.0,85.98,2,4
38671.0,223.96,2,3
98115.0,97.568,1,0
98115.0,614.272,1,3
98115.0,199.98,1,0
6457.0,48.16,0,4
47362.0,23.92,2,1
47362.0,60.69,2,4
37130.0,14.352,2,1
24153.0,35.04,0,4
43615.0,17.48,2,1
90032.0,16.4,1,1
98115.0,892.98,1,3
31907.0,287.97,2,3
31907.0,595.38,2,3
31907.0,12.96,2,1
10009.0,4.95,0,1
6457.0,181.95,0,3
10011.0,13.52,0,1
10011.0,259.7,0,3
10011.0,42.95,0,4
10011.0,1399.93,3,2
10011.0,503.96,0,3
48640.0,12.72,2,1
48640.0,11.52,2,1
31907.0,316.0,2,3
30076.0,723.92,0,3
30076.0,106.32,0,4
60623.0,141.372,2,3
77041.0,27.216,1,1
10009.0,390.75,0,3
85345.0,280.792,1,3
85345.0,68.448,1,0
85345.0,88.04,1,0
85345.0,15.872,1,1
85345.0,215.592,1,0
57103.0,14.62,2,1
57103.0,416.32,2,3
57103.0,43.0,2,1
57103.0,182.94,2,3
57103.0,60.83,2,4
57103.0,389.97,2,3
23223.0,194.32,0,3
98115.0,265.93,1,3
42420.0,94.74,2,4
42420.0,60.64,2,4
42420.0,76.3,2,4
42420.0,364.8,2,3
10035.0,79.872,0,4
10035.0,46.384,0,4
10035.0,12.96,0,1
80525.0,14.352,1,1
19140.0,547.136,0,3
90004.0,41.96,1,0
90004.0,41.7,1,0
47905.0,277.4,2,3
47905.0,5.78,2,1
37042.0,69.216,2,4
6824.0,10.86,0,1
6824.0,426.79,0,3
10009.0,25.92,0,1
10009.0,45.92,0,4
43229.0,10.72,2,1
31088.0,41.86,2,4
2038.0,63.2,0,4
2038.0,113.97,0,4
60623.0,123.552,2,4
53209.0,490.32,2,3
78207.0,70.08,1,0
78207.0,1.272,1,1
78207.0,557.585,1,3
90032.0,9.024,1,1
90032.0,69.456,1,0
90032.0,10.86,1,1
90032.0,79.47,1,0
90032.0,10.08,1,1
94122.0,1552.831,3,2
94122.0,137.24,1,0
94122.0,36.51,1,0
94122.0,239.976,1,0
10024.0,1579.746,3,2
10024.0,1071.576,0,3
10024.0,613.908,0,3
10024.0,34.86,0,4
10024.0,155.04,0,4
43229.0,13.71,2,1
22980.0,127.88,0,4
22980.0,160.32,0,4
22980.0,46.0,0,4
95823.0,120.712,1,0
20735.0,23.12,0,1
45014.0,532.704,2,3
45014.0,4.912,2,1
2886.0,252.0,0,3
60505.0,60.288,2,4
60505.0,2.632,2,1
60505.0,23.688,2,1
60505.0,253.372,2,3
30080.0,5.67,0,1
43229.0,76.776,2,4
43229.0,9.184,2,1
91360.0,32.75,1,0
44052.0,7.216,2,1
44052.0,49.568,2,4
44052.0,54.712,2,4
93727.0,176.04,1,0
93727.0,16.02,1,1
93727.0,185.92,1,0
93727.0,211.168,1,0
93727.0,479.984,1,3
92105.0,7.86,1,1
92105.0,24.448,1,1
10009.0,6.48,0,1
10009.0,41.86,0,4
10009.0,1619.91,3,2
10009.0,113.92,0,4
2148.0,39.68,0,4
10035.0,37.6,0,4
10035.0,59.9,0,4
10035.0,37.0,0,4
94109.0,5.76,1,1
94109.0,16.68,1,1
29501.0,628.81,0,3
29501.0,56.45,0,4
65807.0,94.2,2,3
65807.0,28.4,2,1
77340.0,956.6648,1,3
90045.0,1115.91,1,3
90045.0,128.744,1,0
90045.0,79.92,1,0
94122.0,24.2,1,1
94122.0,359.976,1,3
94122.0,211.84,1,0
19120.0,5.68,0,1
90036.0,7.52,1,1
90045.0,11.96,1,1
90045.0,629.064,1,3
53209.0,754.45,2,3
1040.0,301.96,0,3
87105.0,595.0,1,3
87105.0,79.872,1,0
89431.0,2396.4,3,2
92236.0,63.56,1,0
92236.0,99.99,1,0
60126.0,230.376,2,3
60126.0,9.664,2,1
45014.0,158.928,2,4
45014.0,13.023,2,1
45014.0,273.06,2,3
45014.0,39.312,2,4
76017.0,1.344,1,1
76017.0,8.272,1,1
76017.0,12.544,1,1
94110.0,58.48,1,0
98103.0,7.4,1,1
10009.0,366.786,0,3
77070.0,54.368,1,0
22153.0,33.96,0,4
22153.0,826.11,0,3
87401.0,545.85,1,3
80027.0,145.98,1,0
80027.0,35.808,1,0
33614.0,7.904,2,1
7055.0,345.0,0,3
7055.0,174.286,0,4
7055.0,662.84,0,3
7055.0,95.1,0,4
7055.0,26.88,0,1
7055.0,257.98,0,3
90004.0,17.48,1,1
19143.0,492.835,0,3
29406.0,269.49,0,3
95123.0,29.12,1,0
10011.0,18.75,0,1
10011.0,119.7,0,4
10011.0,9.144,0,1
10011.0,57.06,0,4
10011.0,71.6,0,4
10011.0,107.44,0,4
10011.0,7.31,0,1
10011.0,59.1,0,4
10011.0,46.53,0,4
7060.0,97.84,0,4
98115.0,29.97,1,0
98115.0,98.352,1,0
10009.0,83.92,0,4
10009.0,14.624,0,1
10009.0,136.99,0,4
10009.0,3.15,0,1
23602.0,9.11,0,1
23602.0,571.44,0,3
23602.0,32.4,0,1
23602.0,16.91,0,1
28314.0,14.272,0,1
28314.0,451.136,0,3
28314.0,64.864,0,4
90032.0,217.584,1,0
90032.0,82.95,1,0
90032.0,87.71,1,0
90032.0,1101.48,1,3
90036.0,1322.352,3,2
10011.0,5.46,0,1
75220.0,11.184,1,1
75220.0,153.584,1,0
98105.0,1003.62,1,3
98105.0,35.168,1,0
98105.0,1137.75,1,2
98105.0,99.68,1,0
98105.0,5.56,1,1
19711.0,85.52,0,4
19711.0,9.84,0,1
19711.0,20.04,0,1
10024.0,631.96,0,3
10024.0,23.92,0,1
90049.0,90.24,1,0
14701.0,4548.81,3,2
77095.0,300.93,1,3
77095.0,719.96,1,3
46544.0,647.84,2,3
92037.0,64.17,1,0
92037.0,124.46,1,0
94109.0,9.584,1,1
33178.0,37.608,2,4
60076.0,12.224,2,1
60076.0,2.304,2,1
60076.0,9.36,2,1
94110.0,7.38,1,1
94122.0,53.72,1,0
94122.0,8187.65,4,2
94122.0,77.92,1,0
77070.0,32.784,1,1
90045.0,196.776,1,0
90045.0,479.94,1,3
73120.0,1117.92,1,3
71203.0,106.5,1,0
33614.0,45.66,2,4
60623.0,95.968,2,4
60623.0,47.992,2,4
43402.0,264.32,2,3
77095.0,604.656,1,3
7090.0,129.93,0,4
73120.0,20.16,1,1
73120.0,29.46,1,1
73120.0,868.59,1,3
73120.0,12.96,1,1
73120.0,5.5,1,1
73120.0,121.6,1,0
77041.0,42.048,1,0
77041.0,25.488,1,1
77041.0,6.9,1,1
77041.0,9.648,1,1
77041.0,7.968,1,1
33311.0,10.368,2,1
72209.0,114.2,1,0
72209.0,17.96,1,1
72209.0,12.67,1,1
72209.0,339.96,1,3
19120.0,1801.632,3,2
92253.0,46.32,1,0
44105.0,181.986,2,3
44105.0,431.976,2,3
44105.0,155.37,2,4
94122.0,1348.704,3,2
94122.0,700.152,1,3
85254.0,111.888,1,0
19134.0,143.952,0,4
2148.0,173.94,0,4
2148.0,14.76,0,1
95123.0,205.92,1,0
95123.0,102.833,1,0
85023.0,2.304,1,1
85023.0,1879.96,3,2
85023.0,313.024,1,3
85023.0,5.04,1,1
42420.0,821.88,2,3
42420.0,21.96,2,1
29203.0,25.92,0,1
32303.0,705.544,2,3
10035.0,50.0,0,4
77070.0,51.712,1,0
33065.0,6.992,2,1
84057.0,1406.86,3,2
84057.0,15.75,1,1
84057.0,323.1,1,3
37211.0,9.216,2,1
37211.0,10.368,2,1
10009.0,15.02,0,1
10009.0,33.82,0,4
42104.0,71.0,2,4
98226.0,25.12,1,1
98226.0,2665.62,3,2
10011.0,478.08,0,3
43055.0,164.388,2,4
43055.0,13.248,2,1
60098.0,2.912,2,1
75007.0,1399.944,3,2
47905.0,526.45,2,3
31907.0,16.23,2,1
31907.0,319.9,2,3
31907.0,11.36,2,1
31907.0,675.12,2,3
22304.0,62.82,0,4
22304.0,489.92,0,3
22304.0,19.44,0,1
22304.0,16.68,0,1
22304.0,155.35,0,4
22304.0,12.42,0,1
22304.0,187.98,0,3
76117.0,6.608,1,1
10024.0,248.57,0,3
10024.0,22.23,0,1
90004.0,5.98,1,1
90004.0,246.168,1,0
60090.0,14.136,2,1
60090.0,601.47,2,3
29483.0,79.1,0,4
29483.0,327.84,0,3
47201.0,180.96,2,3
47201.0,914.97,2,3
47201.0,587.97,2,3
47201.0,530.34,2,3
47201.0,14.94,2,1
10024.0,121.94,0,4
10024.0,122.71,0,4
10035.0,14.94,0,1
10035.0,1349.85,3,2
10035.0,136.784,0,4
10035.0,61.12,0,4
32216.0,1.167,2,1
92024.0,16.99,1,1
76017.0,24.672,1,1
76017.0,2.52,1,1
76017.0,1218.735,3,2
76017.0,5.904,1,1
76017.0,15.696,1,1
76017.0,6.096,1,1
90045.0,41.568,1,0
90049.0,230.28,1,0
90049.0,18.288,1,1
94110.0,5.78,1,1
94110.0,121.68,1,0
88220.0,4.17,1,1
88220.0,67.04,1,0
88220.0,37.32,1,0
88220.0,18.45,1,1
63116.0,25.92,2,1
10024.0,11199.968,4,2
10024.0,2399.6,3,2
10024.0,63.9,0,4
10024.0,52.99,0,4
45503.0,60.864,2,4
45503.0,652.995,2,3
45503.0,11.22,2,1
74133.0,14.94,1,1
98103.0,39.96,1,0
98103.0,42.624,1,0
98103.0,220.96,1,0
28314.0,4.928,0,1
28314.0,7.23,0,1
90045.0,323.1,1,3
10035.0,19.04,0,1
10035.0,13.128,0,1
10035.0,64.14,0,4
10035.0,858.24,0,3
71901.0,29.99,1,1
60505.0,186.048,2,3
27604.0,36.792,0,4
27604.0,18.624,0,1
74133.0,57.69,1,0
74133.0,42.81,1,0
74133.0,12.96,1,1
74133.0,821.88,1,3
74133.0,104.85,1,0
92345.0,424.9575,1,3
84604.0,10.776,1,1
84604.0,11.784,1,1
84604.0,164.88,1,0
84604.0,1292.94,3,2
84604.0,25.584,1,1
84604.0,261.74,1,3
84604.0,14.4,1,1
94110.0,10.86,1,1
85234.0,883.84,1,3
10035.0,1979.89,3,2
10035.0,79.96,0,4
65807.0,8.76,2,1
38109.0,3.984,2,1
38109.0,370.62,2,3
38109.0,2.742,2,1
79109.0,79.512,1,0
79109.0,28.352,1,1
90045.0,40.784,1,0
90045.0,105.96,1,0
1852.0,166.44,0,4
1852.0,785.88,0,3
1852.0,26.2,0,1
1852.0,1325.85,0,2
92024.0,166.44,1,0
28806.0,8.76,0,1
28806.0,43.584,0,4
81001.0,11.088,1,1
81001.0,25.164,1,1
49201.0,14.4,2,1
49201.0,619.95,2,3
49201.0,89.52,2,4
49201.0,350.973,2,3
49201.0,164.99,2,3
90004.0,312.552,1,3
27360.0,95.952,0,4
27360.0,3.204,0,1
61604.0,3.98,2,1
90032.0,15.7,1,1
60653.0,5.248,2,1
19134.0,5.346,0,1
80112.0,15.48,1,1
80112.0,108.576,1,0
98115.0,109.9,1,0
33012.0,15.384,2,1
43130.0,30.352,2,1
32216.0,821.3,2,3
32216.0,22638.48,4,2
32216.0,21.376,2,1
32216.0,8.016,2,1
32216.0,30.768,2,1
32216.0,18.936,2,1
32216.0,122.352,2,4
21215.0,116.28,0,4
10009.0,132.6,0,4
88220.0,16.68,1,1
88220.0,19.44,1,1
88220.0,192.16,1,0
90049.0,227.36,1,0
90049.0,1919.976,3,2
32216.0,12.828,2,1
44107.0,45.888,2,4
12180.0,60.12,0,4
28403.0,302.376,0,3
98105.0,13.9,1,1
10024.0,129.98,0,4
31907.0,71.98,2,4
10024.0,377.97,0,3
92627.0,124.36,1,0
77095.0,23.976,1,1
27511.0,8.376,0,1
27511.0,58.24,0,4
22304.0,81.2,0,4
94591.0,14.45,1,1
94591.0,95.648,1,0
19120.0,359.97,0,3
19120.0,350.352,0,3
43615.0,1.641,2,1
43615.0,629.958,2,3
98105.0,6.63,1,1
98105.0,799.96,1,3
98105.0,107.53,1,0
7060.0,73.98,0,4
7060.0,5.58,0,1
88001.0,49.12,1,0
19711.0,377.97,0,3
19711.0,42.28,0,4
19711.0,299.97,0,3
19711.0,89.98,0,4
35244.0,477.24,2,3
35244.0,25.98,2,1
43055.0,46.72,2,4
92037.0,35.34,1,0
94122.0,257.64,1,0
94122.0,125.976,1,0
28540.0,79.992,0,4
2038.0,700.056,0,3
75034.0,27.168,1,1
32303.0,8.226,2,1
98115.0,585.552,1,3
95687.0,423.28,1,3
90008.0,225.296,1,0
94122.0,5.56,1,1
94122.0,323.37,1,3
94122.0,783.96,1,3
94122.0,1447.65,3,2
94122.0,11.96,1,1
10035.0,239.97,0,3
31907.0,76.92,2,4
31907.0,481.32,2,3
84107.0,48.4,1,0
94110.0,0.99,1,0
94110.0,101.84,1,0
19140.0,10.332,0,1
19140.0,31.155,0,1
19140.0,8.928,0,1
19134.0,34.384,0,4
19134.0,1924.16,3,2
75220.0,32.192,1,1
75220.0,50.12,1,0
75220.0,47.976,1,0
53186.0,54.5,2,4
33311.0,19.104,2,1
48205.0,49.44,2,4
45503.0,10.368,2,1
92037.0,154.44,1,0
80906.0,60.984,1,0
93309.0,195.466,1,0
33068.0,23.68,2,1
33068.0,2.376,2,1
10035.0,59.2,0,4
55044.0,22.0,2,1
48234.0,257.98,2,3
19134.0,23.988,0,1
45373.0,23.976,2,1
90036.0,601.536,1,3
90036.0,7.9,1,1
78415.0,58.36,1,0
78415.0,16.464,1,1
78415.0,39.96,1,0
68104.0,25.96,1,1
68104.0,36.27,1,1
68104.0,6.48,1,1
90278.0,1075.088,1,3
90278.0,438.368,1,3
90278.0,18.088,1,1
90278.0,308.499,1,3
72209.0,13.36,1,1
72209.0,39.96,1,1
72209.0,145.85,1,3
33180.0,783.96,2,3
97301.0,7.88,1,1
88001.0,41.37,1,0
94122.0,12.84,1,1
94122.0,25.68,1,1
79907.0,47.516,1,0
98115.0,9.42,1,1
98115.0,12.96,1,1
98115.0,704.9,1,3
98115.0,561.568,1,3
53209.0,179.82,2,3
53209.0,185.58,2,3
53209.0,214.11,2,3
53209.0,999.96,2,3
53209.0,653.55,2,3
2038.0,114.6,0,4
2038.0,60.74,0,4
2038.0,124.36,0,4
2038.0,1088.76,0,2
92024.0,6.72,1,1
92024.0,298.776,1,3
92804.0,302.376,1,3
76017.0,8.928,1,1
76017.0,47.584,1,0
77041.0,33.792,1,1
77041.0,300.5328,1,3
77041.0,2.724,1,1
77041.0,3.264,1,1
43130.0,108.336,2,4
43130.0,55.92,2,4
43130.0,78.304,2,4
97206.0,443.92,1,3
97206.0,155.976,1,0
35244.0,15.47,2,1
35244.0,7.16,2,1
90036.0,10.89,1,1
90036.0,19.44,1,1
90036.0,121.6,1,0
32303.0,695.7,2,3
10009.0,120.33,0,4
23320.0,1139.92,0,2
28314.0,229.544,0,3
77340.0,143.728,1,0
19140.0,36.048,0,4
60098.0,845.488,2,3
2149.0,50.94,0,4
60653.0,762.594,2,3
30076.0,56.28,0,4
30076.0,2690.97,3,2
32137.0,7.434,2,1
19120.0,64.784,0,4
47201.0,28.16,2,1
11572.0,14.98,0,1
11572.0,20.32,0,1
2038.0,40.29,0,4
57103.0,20.23,2,1
92037.0,1603.136,3,2
28314.0,225.296,0,3
30318.0,67.8,0,4
30318.0,377.97,0,3
30318.0,1628.82,3,2
30318.0,286.93,0,3
32839.0,20.736,2,1
94122.0,31.44,1,0
94122.0,83.79,1,0
94122.0,59.52,1,0
94122.0,31.92,1,0
43615.0,14.72,2,1
43615.0,38.976,2,4
33710.0,17.088,2,1
85705.0,74.352,1,0
85705.0,314.352,1,3
90036.0,4.26,1,1
92105.0,811.28,1,3
10035.0,6.03,0,1
92037.0,153.568,1,0
92037.0,1013.488,1,3
7090.0,52.34,0,4
7090.0,4.66,0,1
7090.0,254.97,0,3
7050.0,25.44,0,1
7050.0,27.93,0,1
60098.0,8.85,2,1
94110.0,6.96,1,1
94122.0,17.456,1,1
85281.0,307.92,1,3
90008.0,6.63,1,1
90008.0,12.96,1,1
90008.0,32.4,1,0
98105.0,23.85,1,1
70601.0,51.96,1,0
70601.0,17.94,1,1
14609.0,11.56,0,1
14609.0,26.4,0,1
14609.0,69.08,0,4
14609.0,35.88,0,4
11561.0,49.65,0,4
28205.0,959.968,0,3
77036.0,408.422,1,3
10035.0,479.984,0,3
10035.0,12.6,0,1
31907.0,184.66,2,3
60610.0,23.12,2,1
60035.0,37.464,2,1
60035.0,539.658,2,3
98115.0,310.12,1,3
55122.0,8.56,2,1
55122.0,52.4,2,4
55122.0,14.94,2,1
98103.0,11.22,1,1
33065.0,387.136,2,3
11550.0,41.4,0,4
11550.0,35.0,0,4
11550.0,39.552,0,4
46060.0,135.72,2,4
46060.0,12.56,2,1
46060.0,263.96,2,3
75220.0,5.952,1,1
19140.0,15.8,0,1
19140.0,14.368,0,1
19140.0,70.448,0,4
94109.0,129.3,1,0
78745.0,3.882,1,1
48234.0,6.08,2,1
13601.0,19.9,0,1
13601.0,70.71,0,4
31907.0,18.84,2,1
55124.0,8.64,2,1
27217.0,1633.188,3,2
48601.0,19.76,2,1
94109.0,6.608,1,1
94109.0,7.28,1,1
94109.0,144.784,1,0
98105.0,156.792,1,0
98105.0,431.976,1,3
98105.0,35.89,1,0
98105.0,47.208,1,0
98105.0,248.08,1,0
98105.0,189.7,1,0
98105.0,59.808,1,0
53209.0,90.99,2,4
53209.0,1526.56,3,2
53209.0,368.97,2,3
90049.0,305.01,1,3
90049.0,18.7,1,1
94122.0,38.29,1,0
92024.0,26.25,1,1
92024.0,64.96,1,0
92024.0,43.7,1,0
85301.0,41.6,1,0
85301.0,23.12,1,1
85301.0,113.888,1,0
85301.0,113.568,1,0
85301.0,7.92,1,1
85301.0,671.984,1,3
10035.0,39.99,0,4
13601.0,191.646,0,3
45503.0,2.313,2,1
90032.0,19.936,1,1
90032.0,45.92,1,0
98115.0,20.34,1,1
98115.0,39.28,1,0
92054.0,81.568,1,0
92054.0,97.184,1,0
92054.0,24.32,1,1
92054.0,18.96,1,1
60076.0,32.952,2,1
60076.0,30.016,2,1
28314.0,499.584,0,3
28314.0,31.104,0,1
28314.0,13.272,0,1
28314.0,28.272,0,1
28314.0,259.136,0,3
74133.0,10.8,1,1
75002.0,244.006,1,3
75002.0,15.936,1,1
19143.0,188.552,0,3
14609.0,22.58,0,1
29464.0,545.94,0,3
19134.0,20.736,0,1
19134.0,43.296,0,4
98115.0,123.136,1,0
98115.0,11.264,1,1
97477.0,53.424,1,0
97477.0,275.49,1,3
31907.0,24.96,2,1
31907.0,19.36,2,1
31907.0,1267.65,3,2
90032.0,12.99,1,1
90032.0,18.56,1,1
90032.0,449.15,1,3
90032.0,31.248,1,0
10024.0,61.44,0,4
48227.0,895.92,2,3
95207.0,55.36,1,0
85023.0,55.92,1,0
19120.0,24.896,0,1
19120.0,3.984,0,1
19120.0,95.968,0,4
19120.0,206.991,0,3
19120.0,44.416,0,4
19120.0,9.006,0,1
48310.0,19.0,2,1
14609.0,33.376,0,4
10011.0,207.48,0,3
54703.0,91.68,2,4
10009.0,904.9,0,3
91730.0,34.272,1,0
42071.0,191.82,2,3
43615.0,243.88,2,3
80027.0,12.03,1,1
80027.0,2549.985,3,2
80027.0,21.594,1,1
80027.0,8.964,1,1
80027.0,20.736,1,1
10035.0,344.22,0,3
78577.0,727.296,1,3
78577.0,22.608,1,1
78577.0,666.4,1,3
84084.0,5.04,1,1
84084.0,92.94,1,0
84084.0,66.69,1,0
84084.0,91.68,1,0
78521.0,327.7328,1,3
10011.0,52.272,0,4
10011.0,17.94,0,1
19140.0,254.352,0,3
59102.0,8.288,2,1
23320.0,504.9,0,3
97030.0,403.168,1,3
48146.0,194.32,2,3
48146.0,25.99,2,1
97030.0,195.136,1,0
19143.0,20.736,0,1
71203.0,53.7,1,0
71203.0,36.26,1,1
71203.0,56.3,1,0
71203.0,32.4,1,1
71203.0,29.16,1,1
91104.0,171.288,1,0
37421.0,16.72,2,1
90805.0,12.96,1,1
90805.0,22.18,1,1
90805.0,2054.272,3,2
45373.0,1022.97,2,3
55407.0,13.9,2,1
55407.0,26.38,2,1
98105.0,43.176,1,0
31907.0,411.8,2,3
31907.0,360.0,2,3
83642.0,41.96,1,0
83642.0,227.84,1,0
83642.0,37.94,1,0
48227.0,517.9,2,3
48227.0,5.28,2,1
60623.0,2799.96,3,2
94110.0,8.96,1,1
94110.0,31.5,1,0
94110.0,30.56,1,0
94110.0,24.368,1,1
43055.0,119.976,2,4
75081.0,26.88,1,1
19711.0,83.97,0,4
19711.0,104.97,0,4
87105.0,90.8,1,0
87105.0,140.736,1,0
87105.0,214.95,1,0
87105.0,45.36,1,0
87105.0,288.24,1,3
43615.0,663.936,2,3
19711.0,2934.33,3,2
19711.0,124.41,0,4
19711.0,57.75,0,4
90045.0,114.46,1,0
90032.0,120.666,1,0
75217.0,342.864,1,3
75217.0,16.74,1,1
75217.0,981.372,1,3
92037.0,31.84,1,0
92307.0,12.96,1,1
92307.0,43.176,1,0
40214.0,58.34,2,4
40214.0,539.97,2,3
10024.0,3.928,0,1
77070.0,252.784,1,3
77070.0,127.984,1,0
77070.0,3.984,1,1
77070.0,12.992,1,1
42420.0,61.0,2,4
42420.0,671.93,2,3
19711.0,447.86,0,3
19711.0,479.95,0,3
19711.0,166.44,0,4
60440.0,31.68,2,1
60440.0,10.368,2,1
60440.0,12.032,2,1
60440.0,5.768,2,1
76106.0,33.12,1,1
76106.0,220.2656,1,3
10024.0,10.776,0,1
10024.0,242.352,0,3
2908.0,695.16,0,3
2908.0,220.98,0,3
43229.0,12.957,2,1
10024.0,25.68,0,1
77070.0,15.712,1,1
60505.0,298.464,2,3
65807.0,21.93,2,1
65807.0,242.94,2,3
65807.0,7.64,2,1
65807.0,51.84,2,3
65807.0,265.17,2,3
98105.0,837.6,1,3
98105.0,135.9,1,0
98105.0,34.68,1,0
98105.0,532.704,1,3
98105.0,43.1,1,0
98105.0,15.88,1,1
33801.0,1123.92,2,2
33801.0,249.584,2,3
33801.0,48.672,2,4
33801.0,60.768,2,4
33801.0,78.6,2,4
33801.0,3.768,2,1
33801.0,1036.624,2,3
33801.0,563.808,2,3
19134.0,258.528,0,3
10011.0,49.12,0,4
90049.0,44.46,1,0
90049.0,241.568,1,0
90049.0,395.0,1,3
90049.0,627.168,1,3
11572.0,13.28,0,1
11572.0,12.672,0,1
75081.0,30.56,1,1
75081.0,77.952,1,0
75081.0,67.992,1,0
75081.0,12.224,1,1
75081.0,44.784,1,0
75081.0,22.848,1,1
10035.0,206.43,0,3
78207.0,210.392,1,0
45231.0,119.96,2,4
45231.0,10.608,2,1
78745.0,347.802,1,3
98105.0,963.136,1,3
98105.0,88.776,1,0
90004.0,32.4,1,0
10035.0,32.4,0,1
98103.0,31.05,1,0
43055.0,2025.36,3,2
43055.0,1799.994,3,2
43055.0,101.988,2,4
43055.0,262.864,2,3
55369.0,735.98,2,3
85301.0,93.024,1,0
10009.0,284.364,0,3
10009.0,26.0,0,1
28540.0,67.64,0,4
28540.0,119.976,0,4
77070.0,5.18,1,1
94109.0,15.56,1,1
94109.0,78.35,1,0
94109.0,59.52,1,0
94109.0,38.52,1,0
94109.0,239.984,1,0
94109.0,19.35,1,1
48911.0,67.0,2,4
32303.0,390.272,2,3
32303.0,62.192,2,4
29203.0,23.88,0,1
60623.0,3.168,2,1
60623.0,528.43,2,3
60623.0,13.392,2,1
48227.0,181.86,2,3
80525.0,180.588,1,0
80525.0,47.984,1,0
10024.0,18.76,0,1
10011.0,20.94,0,1
10011.0,58.68,0,4
10011.0,254.9,0,3
21044.0,9.64,0,1
21044.0,826.62,0,3
21044.0,1633.14,3,2
21044.0,544.38,0,3
77041.0,26.046,1,1
77041.0,74.352,1,0
1852.0,69.93,0,4
95695.0,3.75,1,1
95695.0,20.928,1,1
60610.0,12.672,2,1
10035.0,65.99,0,4
77489.0,6.37,1,1
77036.0,3.648,1,1
77036.0,31.104,1,1
39212.0,23.34,2,1
10009.0,29.97,0,1
85281.0,3.366,1,1
28540.0,95.968,0,4
19134.0,18.704,0,1
44312.0,149.232,2,4
44312.0,15.936,2,1
92037.0,601.536,1,3
92037.0,10.99,1,1
92037.0,39.88,1,0
92037.0,62.24,1,0
92037.0,53.2,1,0
92037.0,39.84,1,0
93727.0,349.95,1,3
93727.0,377.928,1,3
77581.0,13.392,1,1
77581.0,11.228,1,1
47374.0,207.24,2,3
19134.0,1.504,0,1
19134.0,34.848,0,4
94403.0,75.18,1,0
94601.0,149.97,1,0
10024.0,931.176,0,3
10024.0,430.88,0,3
8701.0,94.85,0,4
8701.0,51.12,0,4
8701.0,90.0,0,4
85281.0,9.408,1,1
85281.0,4.672,1,1
85281.0,318.4,1,3
85281.0,12.768,1,1
85281.0,15.36,1,1
85281.0,230.376,1,0
85281.0,7.16,1,1
10035.0,375.34,0,3
10009.0,114.9,0,4
77095.0,26.046,1,1
77095.0,2.896,1,1
77095.0,32.544,1,1
92503.0,3.984,1,1
6824.0,181.797,0,3
10024.0,44.94,0,4
10024.0,45.576,0,4
77095.0,318.43,1,3
77095.0,122.92,1,0
77095.0,7.068,1,1
22204.0,56.45,0,4
60623.0,13.468,2,1
75051.0,219.8,1,3
75051.0,317.058,1,3
98103.0,49.08,1,0
98103.0,324.9,1,3
98103.0,18.24,1,1
98103.0,113.888,1,0
98103.0,105.584,1,0
49505.0,24.85,2,1
19120.0,60.312,0,4
60610.0,7.056,2,1
60610.0,27.184,2,1
98105.0,107.984,1,0
98105.0,19.296,1,1
32216.0,4.608,2,1
37064.0,79.974,2,4
37064.0,2.946,2,1
60035.0,3.136,2,1
77506.0,20.736,1,1
94109.0,99.98,1,0
94109.0,733.95,1,3
94109.0,241.44,1,0
33180.0,10.08,2,1
19120.0,281.904,0,3
19120.0,201.432,0,3
35601.0,135.98,2,4
35601.0,44.95,2,4
57103.0,2.97,2,1
57103.0,6.54,2,1
93277.0,7.92,1,1
90049.0,203.92,1,0
90032.0,3359.952,3,2
66212.0,18.24,2,1
66212.0,27.78,2,1
22304.0,22.96,0,1
22304.0,28.99,0,1
22304.0,12.96,0,1
22304.0,22.96,0,1
22304.0,4164.05,3,2
27604.0,47.984,0,4
27604.0,4.624,0,1
10035.0,15.24,0,1
45014.0,63.924,2,4
74403.0,6.56,1,1
74403.0,13.11,1,1
92592.0,494.376,1,3
92592.0,29.2,1,0
92592.0,248.85,1,0
92592.0,36.24,1,0
48310.0,11.68,2,1
92024.0,11.91,1,1
92024.0,3.48,1,1
75081.0,30.96,1,1
10035.0,1704.89,3,2
85023.0,19.194,1,1
85023.0,121.792,1,0
94122.0,1919.976,3,2
19140.0,50.997,0,4
19140.0,76.792,0,4
19140.0,539.964,0,3
19140.0,60.312,0,4
19140.0,1.944,0,1
78041.0,12.984,1,1
78041.0,217.584,1,3
78041.0,328.776,1,3
78041.0,2.286,1,1
78041.0,47.984,1,0
10009.0,25.344,0,1
10035.0,232.4,0,3
39503.0,86.45,2,4
92037.0,603.92,1,3
92037.0,81.98,1,0
11572.0,271.764,0,3
11572.0,14.376,0,1
78664.0,341.96,1,3
92374.0,181.35,1,0
92374.0,8.64,1,1
38401.0,43.512,2,4
38401.0,662.88,2,3
38401.0,25.92,2,1
10009.0,68.94,0,4
10009.0,128.82,0,4
77095.0,896.99,1,3
77095.0,1.234,1,1
77095.0,67.56,1,0
77095.0,21.72,1,1
77095.0,262.336,1,3
77095.0,148.48,1,0
77095.0,241.176,1,3
60653.0,227.976,2,3
60653.0,52.68,2,4
60653.0,2.032,2,1
94601.0,17.12,1,1
94601.0,431.968,1,3
94601.0,129.92,1,0
94601.0,568.728,1,3
94601.0,117.144,1,0
94601.0,203.52,1,0
94601.0,51.75,1,0
2169.0,122.97,0,4
2169.0,244.615,0,3
2169.0,59.97,0,4
2169.0,81.54,0,4
2169.0,11.68,0,1
2169.0,29.0,0,1
92399.0,50.8,1,0
60623.0,16.03,2,1
98105.0,15.712,1,1
10024.0,89.97,0,4
92037.0,435.999,1,3
92037.0,83.984,1,0
6010.0,359.98,0,3
6010.0,70.56,0,4
6010.0,20.88,0,1
6010.0,3.81,0,1
60610.0,73.008,2,4
60610.0,3.208,2,1
60610.0,26.176,2,1
10024.0,30.44,0,1
10024.0,35.28,0,4
2151.0,19.44,0,1
2151.0,37.88,0,4
77036.0,9.552,1,1
92691.0,290.666,1,3
75217.0,10.368,1,1
75217.0,14.352,1,1
89115.0,141.96,1,0
89115.0,66.048,1,0
73071.0,1287.45,3,2
94122.0,25.824,1,1
94122.0,160.96,1,0
11550.0,28.44,0,1
11550.0,364.41,0,3
11550.0,39.96,0,4
11550.0,361.764,0,3
77301.0,111.672,1,0
77095.0,13.776,1,1
77095.0,10.272,1,1
19120.0,24.048,0,1
33614.0,2.896,2,1
10035.0,17.94,0,1
10035.0,384.174,0,3
10035.0,1799.75,3,2
28205.0,580.672,0,3
28205.0,18.936,0,1
28205.0,222.384,0,3
28205.0,50.454,0,4
28205.0,154.764,0,4
75081.0,6.848,1,1
98103.0,1091.168,1,3
98103.0,219.168,1,0
77506.0,6.928,1,1
19143.0,40.032,0,4
46203.0,443.92,2,3
46203.0,169.99,2,3
46203.0,25.92,2,1
40475.0,36.99,2,1
40475.0,629.1,2,3
40475.0,193.95,2,3
40475.0,5.46,2,1
60477.0,22.288,2,1
77095.0,65.424,1,0
90004.0,77.88,1,0
43229.0,281.372,2,3
43229.0,281.372,2,3
43229.0,7.488,2,1
43229.0,22.336,2,1
43229.0,10.368,2,1
94122.0,65.79,1,0
94122.0,271.984,1,3
94122.0,11.76,1,1
94122.0,77.52,1,0
94122.0,48.64,1,0
53711.0,1.81,2,1
53711.0,8.26,2,1
80013.0,43.56,1,0
80013.0,5.84,1,1
10024.0,271.764,0,3
90004.0,262.24,1,3
90004.0,182.72,1,0
90004.0,131.6,1,0
90004.0,22.72,1,1
90004.0,558.4,1,3
52001.0,15.24,2,1
52001.0,1408.1,3,2
43130.0,32.896,2,1
43130.0,215.148,2,3
43130.0,30.96,2,1
90301.0,29.79,1,0
90301.0,128.9,1,0
90301.0,60.12,1,0
98006.0,24.816,1,1
98006.0,14.976,1,1
60610.0,15.08,2,1
60610.0,24.288,2,1
75217.0,16.192,1,1
75217.0,251.006,1,3
75217.0,54.192,1,0
94122.0,4.304,1,1
10024.0,108.92,0,4
10011.0,16.74,0,1
10011.0,2504.74,3,2
19140.0,84.784,0,4
19711.0,29.9,0,1
10024.0,70.88,0,4
36830.0,3.76,2,1
90049.0,27.264,1,0
94110.0,56.65,1,0
94110.0,14.97,1,1
94110.0,4.02,1,1
27604.0,471.92,0,3
31204.0,58.72,2,4
37211.0,5.16,2,1
37211.0,16.496,2,1
19143.0,71.976,0,4
19143.0,22.512,0,1
19143.0,3.444,0,1
19143.0,538.194,0,3
19143.0,47.984,0,4
75081.0,492.768,1,3
8861.0,286.79,0,3
32216.0,5.08,2,1
32216.0,47.992,2,4
2151.0,61.96,0,4
2151.0,361.96,0,3
2151.0,278.82,0,3
39212.0,133.38,2,4
28540.0,47.952,0,4
94122.0,16.74,1,1
43229.0,10.848,2,1
43229.0,18.544,2,1
48127.0,180.98,2,3
48127.0,99.98,2,4
66212.0,34.95,2,1
66212.0,152.0,2,3
87505.0,92.52,1,0
94110.0,8.56,1,1
94110.0,45.36,1,0
94110.0,1421.664,3,2
36608.0,8.96,2,1
22153.0,579.95,0,3
22153.0,29.12,0,1
22153.0,1202.94,0,2
19711.0,7.92,0,1
28601.0,36.192,0,4
33311.0,147.184,2,4
60188.0,408.422,2,3
60188.0,382.116,2,3
60188.0,68.6,2,4
60188.0,435.504,2,3
60188.0,11.168,2,1
56301.0,72.0,2,4
56301.0,655.9,2,3
56301.0,603.92,2,3
90036.0,513.024,1,3
90036.0,487.92,1,3
90036.0,15.24,1,1
36608.0,209.97,2,3
36608.0,62.94,2,4
36608.0,25.92,2,1
78745.0,10.368,1,1
78745.0,95.736,1,0
10009.0,900.08,0,3
75023.0,201.584,1,3
75023.0,3.392,1,1
75023.0,193.0656,1,3
75023.0,15.552,1,1
75023.0,11.648,1,1
75023.0,418.8,1,3
75023.0,509.488,1,3
60653.0,825.174,2,3
60653.0,17.76,2,1
60653.0,6.912,2,1
39212.0,66.3,2,4
28314.0,30.816,0,1
28314.0,44.784,0,4
28314.0,569.536,0,3
60505.0,796.425,2,3
95823.0,12.832,1,1
50315.0,40.46,2,1
50315.0,404.94,2,3
92105.0,116.0,1,0
75081.0,657.552,1,3
39212.0,599.97,2,3
39212.0,38.97,2,4
39212.0,45.84,2,4
92024.0,38.24,1,0
32839.0,87.168,2,4
47905.0,21.4,2,1
10035.0,54.9,0,4
90049.0,287.968,1,3
90049.0,13.12,1,1
90049.0,10.75,1,1
90049.0,11.62,1,1
10024.0,40.74,0,4
42420.0,83.25,2,4
42420.0,9.45,2,1
42420.0,20.65,2,1
42420.0,45.36,2,4
43229.0,5.352,2,1
43229.0,99.372,2,4
43229.0,2.672,2,1
77840.0,28.672,1,1
77840.0,29.312,1,1
40475.0,105.98,2,4
40475.0,35.06,2,1
40475.0,33.94,2,1
40475.0,30.0,2,1
60653.0,45.528,2,4
60653.0,844.116,2,3
60653.0,812.736,2,3
19120.0,7.476,0,1
90036.0,330.4,1,3
90036.0,604.752,1,3
90008.0,45.36,1,0
90008.0,10.128,1,1
94122.0,21.792,1,1
94122.0,439.8,1,3
44312.0,8.256,2,1
44312.0,25.56,2,1
44312.0,4.368,2,1
44312.0,11.52,2,1
90049.0,12.96,1,1
90049.0,3.96,1,1
64055.0,1577.94,3,2
75220.0,15.008,1,1
98105.0,59.98,1,0
98105.0,2395.2,3,2
98105.0,1687.8,3,2
98105.0,7.992,1,1
75150.0,5.184,1,1
11561.0,11.68,0,1
11561.0,104.8,0,4
33161.0,14.496,2,1
93309.0,4.784,1,1
93309.0,4.73,1,1
39212.0,7.89,2,1
39212.0,65.5,2,4
39212.0,2430.08,3,2
68025.0,104.85,1,3
49201.0,3.9,2,1
49201.0,801.96,2,3
49201.0,191.96,2,3
49201.0,2.61,2,1
94122.0,5.96,1,1
43130.0,1169.694,3,2
70506.0,1665.62,3,2
40475.0,2.88,2,1
40475.0,1443.96,3,2
77070.0,2.92,1,1
10024.0,465.18,0,3
43615.0,22.428,2,1
43615.0,37.52,2,1
19143.0,2.624,0,1
19140.0,15.552,0,1
19140.0,64.704,0,4
19140.0,17.472,0,1
19140.0,135.516,0,4
80219.0,431.928,1,3
19143.0,12.448,0,1
19143.0,657.93,0,3
21044.0,277.4,0,3
21044.0,25.16,0,1
21044.0,91.92,0,4
10024.0,29.34,0,1
10035.0,139.44,0,4
43055.0,6.912,2,1
43055.0,27.096,2,1
43055.0,177.568,2,3
75217.0,58.416,1,0
19134.0,16.448,0,1
19134.0,36.784,0,4
78207.0,718.116,1,3
78207.0,31.776,1,1
19120.0,9.555,0,1
90004.0,487.984,1,3
90004.0,5.56,1,1
90004.0,217.85,1,0
37167.0,40.776,2,4
37167.0,63.936,2,4
31204.0,142.4,2,4
31204.0,7.16,2,1
94109.0,681.408,1,3
94109.0,3.52,1,1
94109.0,5.58,1,1
94109.0,36.32,1,0
98103.0,2060.744,3,2
43229.0,52.272,2,4
43229.0,213.136,2,3
90004.0,69.52,1,0
90004.0,763.44,1,3
45503.0,9.216,2,1
45503.0,41.958,2,4
45503.0,89.568,2,4
45503.0,22.248,2,1
45503.0,334.88,2,3
45503.0,148.288,2,4
45503.0,4.624,2,1
45503.0,178.92,2,3
45503.0,69.888,2,4
90008.0,487.984,1,3
90008.0,47.3,1,0
90008.0,4.13,1,1
90008.0,155.12,1,0
90045.0,6.48,1,1
90045.0,15.52,1,1
38109.0,2.946,2,1
38109.0,55.104,2,4
48234.0,104.88,2,4
48234.0,34.7,2,1
48234.0,33.72,2,1
48234.0,14.94,2,1
46226.0,638.73,2,3
32216.0,113.568,2,4
43017.0,9.096,2,1
33317.0,8.688,2,1
33317.0,30.88,2,1
33317.0,6.408,2,1
85301.0,33.8,1,0
49201.0,377.97,2,3
2169.0,258.9,0,3
2169.0,24.56,0,1
97301.0,27.888,1,1
97301.0,6.456,1,1
97301.0,52.68,1,0
97301.0,13.88,1,1
97301.0,103.92,1,0
97301.0,11.52,1,1
97301.0,10.368,1,1
97301.0,39.072,1,0
45373.0,8.872,2,1
45373.0,121.104,2,4
19143.0,127.372,0,4
19143.0,47.952,0,4
92105.0,44.46,1,0
20735.0,15.8,0,1
20735.0,464.97,0,3
20735.0,181.96,0,4
20735.0,12.39,0,1
20735.0,84.09,0,4
20735.0,79.36,0,4
20735.0,153.36,0,4
20735.0,43.68,0,4
20735.0,98.21,0,4
92503.0,9.84,1,1
34952.0,2.694,2,1
85204.0,25.344,1,1
85204.0,43.92,1,0
80219.0,59.994,1,0
80219.0,439.992,1,3
80219.0,87.96,1,0
80219.0,15.488,1,1
22153.0,232.96,0,3
22153.0,66.54,0,4
22153.0,43.26,0,4
98115.0,141.96,1,0
85281.0,79.4,1,0
10701.0,163.96,0,4
14609.0,37.93,0,4
43615.0,15.168,2,1
35601.0,24.78,2,1
35601.0,19.14,2,1
35601.0,899.97,2,3
35601.0,32.4,2,1
75220.0,23.832,1,1
75150.0,6.368,1,1
75150.0,34.176,1,1
75150.0,5.544,1,1
90045.0,510.24,1,3
90045.0,204.95,1,0
98103.0,11.54,1,1
98103.0,162.6,1,0
98502.0,45.68,1,0
98502.0,603.92,1,3
68104.0,23.55,1,1
31907.0,5.04,2,1
31907.0,249.95,2,3
47201.0,33.4,2,1
39212.0,18.92,2,1
39212.0,15.42,2,1
77070.0,35.712,1,1
85023.0,551.985,1,3
60653.0,7.056,2,1
80219.0,18.72,1,1
19711.0,360.38,0,3
19711.0,11.16,0,1
19711.0,14.94,0,1
20735.0,41.96,0,4
20735.0,636.86,0,3
20735.0,499.99,0,3
20735.0,1259.93,3,2
20735.0,65.08,0,4
10011.0,26.38,0,1
10011.0,71.97,0,4
19711.0,129.98,0,4
19711.0,32.54,0,1
49201.0,10.9,2,1
49201.0,59.98,2,4
49201.0,61.929,2,4
10011.0,16.52,0,1
10011.0,60.12,0,4
10011.0,49.536,0,4
29730.0,11.85,0,1
31907.0,118.25,2,4
31907.0,368.97,2,3
90301.0,198.46,1,0
90301.0,321.92,1,3
90301.0,879.984,1,3
90301.0,28.4,1,0
90301.0,230.28,1,0
90301.0,116.28,1,0
90301.0,841.568,1,3
90301.0,354.9,1,3
79762.0,42.784,1,0
79762.0,563.43,1,3
43055.0,111.104,2,4
90049.0,11.68,1,1
90049.0,16.9,1,1
90049.0,24.4,1,1
2149.0,87.6,0,4
53214.0,241.96,2,3
53214.0,8.52,2,1
60623.0,1.788,2,1
77036.0,99.372,1,0
77036.0,1.344,1,1
77036.0,119.96,1,0
33012.0,1013.832,2,3
33012.0,1.984,2,1
94122.0,2003.52,3,2
19140.0,82.368,0,4
29203.0,62.91,0,4
33180.0,6.912,2,1
33180.0,383.976,2,3
33180.0,10.368,2,1
33180.0,335.944,2,3
91911.0,665.88,1,3
33180.0,71.976,2,4
10035.0,37.94,0,4
66502.0,273.96,2,3
19120.0,269.982,0,3
38109.0,8.904,2,1
38109.0,720.064,2,3
33311.0,41.424,2,4
43229.0,3.132,2,1
90045.0,1085.42,1,3
77041.0,3.912,1,1
77041.0,62.376,1,0
68104.0,29.05,1,1
90004.0,180.96,1,0
16602.0,4.419,0,1
16602.0,16.032,0,1
10024.0,29.79,0,1
92037.0,57.23,1,0
92037.0,333.0,1,3
92037.0,36.44,1,0
33178.0,251.64,2,3
27405.0,523.764,0,3
27405.0,1359.96,3,2
28540.0,102.592,0,4
28540.0,22.704,0,1
28540.0,93.024,0,4
28540.0,12.768,0,1
28540.0,35.008,0,4
28540.0,39.152,0,4
33317.0,11.76,2,1
33317.0,5.238,2,1
33317.0,4.662,2,1
33317.0,523.92,2,3
33317.0,100.792,2,4
33317.0,146.136,2,4
53209.0,25.06,2,1
62301.0,19.824,2,1
32216.0,823.96,2,3
32216.0,15.984,2,1
36608.0,801.96,2,3
36608.0,59.97,2,4
36608.0,1056.86,2,3
10024.0,12.816,0,1
10024.0,314.352,0,3
10024.0,18.98,0,1
10024.0,18.24,0,1
10011.0,991.2,0,3
10011.0,879.984,0,3
10011.0,12.96,0,1
75217.0,107.44,1,0
48234.0,1458.65,3,2
48234.0,26.64,2,1
48234.0,476.8,2,3
48234.0,87.444,2,4
19901.0,76.14,0,4
19901.0,19.96,0,1
43229.0,1049.97,2,3
43229.0,611.058,2,3
85301.0,2.368,1,1
85301.0,19.008,1,1
89031.0,911.984,1,3
89031.0,674.352,1,3
89031.0,134.01,1,0
89031.0,170.97,1,0
37620.0,170.352,2,4
90049.0,7.184,1,1
90049.0,6.28,1,1
90049.0,480.74,1,3
90049.0,616.998,1,3
90049.0,141.4,1,0
48187.0,501.81,2,3
72701.0,691.96,1,3
72701.0,34.95,1,1
65807.0,85.96,2,3
2169.0,85.3,0,4
61107.0,33.568,2,1
94122.0,4.95,1,1
94122.0,26.4,1,1
78207.0,3.564,1,1
78207.0,823.96,1,3
78207.0,10.272,1,1
80229.0,447.944,1,3
60653.0,480.96,2,3
60653.0,124.792,2,4
10701.0,40.176,0,4
10701.0,10.896,0,1
92037.0,10.64,1,1
61821.0,151.96,2,3
94122.0,238.0,1,0
46226.0,155.34,2,4
92105.0,148.32,1,0
92105.0,240.784,1,0
92105.0,191.968,1,0
92105.0,11.56,1,1
92105.0,11.8,1,1
92105.0,842.352,1,3
37604.0,23.472,2,1
37604.0,86.058,2,4
37604.0,108.784,2,4
37604.0,10.272,2,1
33614.0,38.19,2,4
62521.0,49.632,2,4
62521.0,52.096,2,4
85234.0,9.568,1,1
85234.0,82.368,1,0
85234.0,364.704,1,3
85234.0,40.256,1,0
37918.0,4.368,2,1
60653.0,12.128,2,1
47401.0,134.85,2,4
30076.0,8.56,0,1
30076.0,239.97,0,3
30076.0,356.94,0,3
90036.0,659.9,1,3
90036.0,1684.752,3,2
90036.0,559.92,1,3
77036.0,279.944,1,3
60440.0,9.98,2,1
71854.0,48.9,1,0
78207.0,3.552,1,1
78207.0,15.552,1,1
78539.0,2.368,1,1
43615.0,127.984,2,4
77520.0,10.368,1,1
19143.0,47.984,0,4
90045.0,270.34,1,3
19143.0,98.112,0,4
19143.0,563.808,0,3
19143.0,10.428,0,1
19143.0,547.136,0,3
19143.0,14.85,0,1
19143.0,41.988,0,4
19143.0,7.584,0,1
19143.0,352.45,0,3
77581.0,470.376,1,3
10035.0,19.44,0,1
10035.0,9.82,0,1
85023.0,801.6,1,3
85023.0,161.568,1,0
85023.0,16.096,1,1
85023.0,7.656,1,1
85023.0,311.976,1,3
23320.0,61.68,0,4
23320.0,63.96,0,4
60610.0,359.976,2,3
60623.0,25.344,2,1
60623.0,26.72,2,1
98103.0,30.28,1,0
98103.0,57.93,1,0
98103.0,35.34,1,0
98103.0,137.24,1,0
78550.0,241.332,1,3
78550.0,5.184,1,1
78550.0,145.544,1,0
19140.0,5.472,0,1
19140.0,47.984,0,4
93309.0,9.4,1,1
93309.0,74.0,1,0
93309.0,201.584,1,0
75051.0,28.752,1,1
75051.0,27.216,1,1
75051.0,197.372,1,3
46142.0,1424.9,3,2
10024.0,14.56,0,1
10024.0,3.048,0,1
38109.0,25.92,2,1
14215.0,835.17,0,3
90036.0,17.34,1,1
33030.0,44.384,2,4
33030.0,2.944,2,1
77506.0,6.368,1,1
77506.0,48.848,1,0
77506.0,19.648,1,1
77506.0,255.108,1,3
11520.0,17.248,0,1
80219.0,159.984,1,0
2169.0,12.7,0,1
48205.0,5.47,2,1
48205.0,79.36,2,4
94109.0,22.14,1,1
37211.0,11.277,2,1
37211.0,4.448,2,1
37211.0,44.76,2,4
48227.0,38.28,2,1
48227.0,149.95,2,4
90045.0,12.84,1,1
90045.0,44.67,1,0
19140.0,7.872,0,1
28806.0,7.872,0,1
10024.0,88.04,0,4
80906.0,40.635,1,0
78207.0,5.728,1,1
78207.0,42.24,1,0
90036.0,53.82,1,0
48310.0,79.36,2,4
10009.0,13.48,0,1
10009.0,29.8,0,1
10009.0,414.0,0,3
10009.0,41.328,0,4
23223.0,39.92,0,4
98105.0,8.94,1,1
98105.0,84.784,1,0
10024.0,53.316,0,4
10024.0,56.52,0,4
98115.0,22.77,1,1
90045.0,287.968,1,3
90045.0,2799.96,3,2
90045.0,48.94,1,0
90712.0,257.499,1,0
7060.0,2591.56,3,2
7060.0,41.95,0,4
38401.0,79.12,2,4
2895.0,52.96,0,4
17602.0,286.344,0,3
33614.0,63.552,2,4
33614.0,41.376,2,4
33614.0,172.704,2,4
53142.0,512.94,2,3
53142.0,860.93,2,3
53142.0,769.95,2,3
53142.0,14.98,2,1
53142.0,373.08,2,3
34952.0,231.92,2,3
98115.0,63.47,1,0
98115.0,345.0,1,3
78207.0,637.896,1,3
78207.0,287.91,1,3
78207.0,36.6,1,1
30076.0,1.78,0,1
30076.0,25.92,0,1
30076.0,101.94,0,4
80027.0,6.848,1,1
90036.0,474.43,1,3
19143.0,8.448,0,1
19143.0,39.296,0,4
54880.0,17.12,2,1
30318.0,542.94,0,3
30318.0,8.64,0,1
30318.0,193.8,0,3
30318.0,21.4,0,1
30318.0,97.88,0,4
30318.0,251.91,0,3
30318.0,25.86,0,1
19013.0,170.058,0,4
19013.0,82.782,0,4
19013.0,853.93,0,3
94110.0,556.665,1,3
94110.0,95.84,1,0
76021.0,29.664,1,1
76021.0,9.184,1,1
76021.0,153.584,1,0
76021.0,12.864,1,1
70506.0,479.97,1,3
70506.0,232.88,1,3
98042.0,236.88,1,0
98042.0,29.9,1,0
98042.0,100.0,1,0
44052.0,18.693,2,1
44052.0,383.952,2,3
60623.0,24.816,2,1
94110.0,24.9,1,1
94110.0,21.12,1,1
94110.0,767.952,1,3
94110.0,14.352,1,1
94110.0,191.976,1,0
94110.0,274.77,1,3
94110.0,70.56,1,0
94110.0,204.85,1,0
77070.0,9.156,1,1
60653.0,23.992,2,1
10035.0,80.88,0,4
10035.0,599.9,0,3
10011.0,276.69,0,3
10011.0,172.764,0,4
19134.0,4.224,0,1
19134.0,409.272,0,3
19134.0,55.44,0,4
19134.0,20.928,0,1
19134.0,1801.632,3,2
19134.0,67.176,0,4
60610.0,646.2,2,3
94601.0,72.744,1,0
94601.0,572.16,1,3
60610.0,68.112,2,4
98105.0,25.032,1,1
19143.0,39.992,0,4
28027.0,20.016,0,1
28027.0,3.104,0,1
28205.0,7.52,0,1
28205.0,10.272,0,1
28205.0,47.808,0,4
28205.0,978.84,0,3
75081.0,13.14,1,1
75081.0,10.024,1,1
75081.0,156.3728,1,0
46203.0,999.98,2,3
74012.0,821.94,1,3
33023.0,220.064,2,3
33023.0,339.136,2,3
68104.0,7.04,1,1
68104.0,5.04,1,1
68104.0,116.28,1,3
28540.0,47.976,0,4
97224.0,60.048,1,0
97224.0,5.022,1,1
62521.0,182.994,2,3
62521.0,10.272,2,1
85023.0,7.857,1,1
95823.0,302.384,1,3
95823.0,20.952,1,1
95823.0,11.784,1,1
72401.0,638.82,1,3
10035.0,20.7,0,1
10035.0,10.95,0,1
10035.0,14.352,0,1
44312.0,221.024,2,3
41042.0,3080.0,3,2
41042.0,79.96,2,4
41042.0,587.97,2,3
55407.0,32.4,2,1
55407.0,404.9,2,3
55407.0,9449.95,4,2
55407.0,12.94,2,1
77095.0,2.264,1,1
77095.0,0.444,1,1
77095.0,146.176,1,0
68025.0,15.92,1,1
92105.0,159.96,1,0
92105.0,13.76,1,1
77041.0,4.312,1,1
10011.0,13.96,0,1
10011.0,27.414,0,1
48227.0,73.98,2,4
48227.0,160.98,2,4
48227.0,17.34,2,1
48227.0,3.28,2,1
77095.0,8.856,1,1
77095.0,158.376,1,0
98105.0,1219.96,1,2
90036.0,3.168,1,1
90036.0,19.44,1,1
90036.0,454.86,1,3
90036.0,91.392,1,0
19120.0,19.04,0,1
98103.0,37.44,1,0
98103.0,37.59,1,0
98103.0,26.032,1,1
13601.0,35.91,0,4
32216.0,91.032,2,4
22204.0,54.66,0,4
28205.0,67.344,0,4
28205.0,2624.985,3,2
98103.0,73.28,1,0
60623.0,14.48,2,1
33021.0,11.952,2,1
33021.0,15.552,2,1
23320.0,45.0,0,4
23320.0,209.97,0,3
90036.0,112.12,1,0
90036.0,1575.14,3,2
22304.0,25.06,0,1
77536.0,6.924,1,1
19120.0,37.392,0,4
19120.0,79.12,0,4
67212.0,18.9,1,1
48640.0,57.42,2,4
94110.0,12.74,1,1
94110.0,8.82,1,1
94110.0,120.784,1,0
11520.0,322.59,0,3
78745.0,9.762,1,1
78745.0,13.72,1,1
78745.0,55.2,1,0
78745.0,259.136,1,3
19134.0,29.24,0,1
19134.0,15.552,0,1
19134.0,4.896,0,1
37620.0,38.088,2,4
37620.0,2.808,2,1
19140.0,47.984,0,4
19140.0,26.064,0,1
60610.0,15.696,2,1
31907.0,12.84,2,1
10035.0,539.97,0,3
10035.0,22.58,0,1
3820.0,16.52,0,1
3820.0,671.94,0,3
80013.0,169.064,1,0
80013.0,168.624,1,0
11561.0,19.44,0,1
91104.0,31.92,1,0
91104.0,433.568,1,3
85204.0,31.104,1,0
85204.0,54.816,1,0
93727.0,48.86,1,0
29203.0,14.2,0,1
29203.0,12.96,0,1
29203.0,58.34,0,4
92704.0,56.3,1,0
29203.0,629.95,0,3
29203.0,122.97,0,4
90045.0,46.35,1,0
94109.0,14.976,1,1
77036.0,4.24,1,1
10035.0,319.96,0,3
10035.0,17.04,0,1
10035.0,344.91,0,3
2038.0,81.94,0,4
21215.0,98.16,0,4
78501.0,6.874,1,1
78501.0,1.996,1,1
78501.0,8.928,1,1
52240.0,9.99,2,1
19711.0,10499.97,4,2
77070.0,21.12,1,1
83704.0,696.42,1,3
83704.0,304.776,1,3
92105.0,51.98,1,0
90032.0,24.7,1,1
10024.0,21.93,0,1
19134.0,394.816,0,3
19134.0,18.192,0,1
10024.0,7.31,0,1
10024.0,799.984,0,3
10024.0,41.28,0,4
10024.0,184.66,0,3
2920.0,49.25,0,4
2920.0,10.16,0,1
2920.0,14.76,0,1
2920.0,34.08,0,4
2920.0,17.67,0,1
2920.0,1604.9,3,2
2920.0,385.686,0,3
60623.0,15.984,2,1
40475.0,9.42,2,1
40475.0,6.56,2,1
40475.0,24.56,2,1
46544.0,128.4,2,4
10550.0,62.28,0,4
90004.0,9.24,1,1
94110.0,482.664,1,3
94110.0,4799.984,3,2
98103.0,37.94,1,0
98103.0,18.288,1,1
98103.0,385.8,1,3
98103.0,102.96,1,0
98103.0,174.42,1,0
62301.0,1.964,2,1
60623.0,94.428,2,4
50322.0,45.92,2,4
98103.0,61.584,1,0
47374.0,22.48,2,1
75220.0,332.028,1,3
75220.0,11.394,1,1
75220.0,15.552,1,1
75220.0,31.104,1,1
75220.0,6.316,1,1
19143.0,11.352,0,1
19143.0,20.808,0,1
61107.0,11.416,2,1
19134.0,9.408,0,1
98105.0,19.83,1,1
49505.0,209.7,2,3
90004.0,43.92,1,0
90004.0,20.232,1,1
22153.0,149.97,0,4
22153.0,27.81,0,1
90036.0,66.3,1,0
21215.0,1.64,0,1
21215.0,1049.2,0,3
21215.0,20.9,0,1
6824.0,88.08,0,4
6824.0,751.92,0,3
10011.0,887.103,0,3
33801.0,55.944,2,4
33801.0,10.688,2,1
33801.0,11.824,2,1
61032.0,63.312,2,4
61032.0,96.784,2,4
61032.0,10.476,2,1
97504.0,9.762,1,1
98103.0,196.784,1,0
10035.0,47.98,0,4
6824.0,13.05,0,1
56560.0,63.96,2,4
31907.0,80.48,2,4
19143.0,11.673,0,1
77036.0,863.128,1,3
77036.0,3.564,1,1
77036.0,956.6648,1,3
77036.0,12.588,1,1
77036.0,171.96,1,0
98115.0,871.4,1,3
38301.0,692.472,2,3
21215.0,207.76,0,3
84107.0,71.928,1,0
84107.0,25.99,1,1
98105.0,3.592,1,1
75220.0,48.632,1,0
98105.0,323.1,1,3
8701.0,9099.93,4,2
8701.0,9.96,0,1
8701.0,25.3,0,1
10011.0,11.36,0,1
10011.0,69.264,0,4
46203.0,3.69,2,1
46203.0,1103.97,2,3
77642.0,246.1328,1,3
77642.0,11.696,1,1
77642.0,439.992,1,3
37211.0,64.784,2,4
77095.0,33.28,1,1
77095.0,14.088,1,1
90004.0,11.16,1,1
90004.0,896.328,1,3
90004.0,189.0,1,0
19140.0,53.982,0,4
97756.0,177.225,1,0
95610.0,129.39,1,0
90032.0,54.32,1,0
32303.0,4367.896,3,2
32303.0,49.568,2,4
32303.0,161.376,2,4
32303.0,2.784,2,1
32303.0,8.72,2,1
44107.0,3.912,2,1
75056.0,59.752,1,0
98105.0,63.92,1,0
98105.0,383.96,1,3
90032.0,7.752,1,1
90032.0,33.568,1,0
90045.0,666.344,1,3
90045.0,573.728,1,3
90045.0,21.936,1,1
90045.0,19.44,1,1
90045.0,447.968,1,3
11561.0,16.78,0,1
90045.0,20.96,1,1
90045.0,88.752,1,0
90045.0,304.23,1,3
94110.0,167.86,1,0
23223.0,82.38,0,4
87105.0,23.976,1,1
87105.0,33.29,1,0
44312.0,14.952,2,1
44312.0,323.982,2,3
44312.0,2.286,2,1
44312.0,14.352,2,1
44312.0,71.976,2,4
7060.0,9.21,0,1
7060.0,18.0,0,1
10011.0,42.93,0,4
33012.0,15.552,2,1
33012.0,17.92,2,1
98052.0,19.99,1,1
98052.0,22.92,1,1
32114.0,50.88,2,4
32114.0,27.312,2,1
86442.0,7.92,1,1
86442.0,14.368,1,1
90049.0,107.97,1,0
90049.0,113.82,1,0
37064.0,5.184,2,1
46368.0,16.28,2,1
22204.0,544.38,0,3
94110.0,19.824,1,1
94110.0,657.504,1,3
94110.0,99.54,1,0
94110.0,199.96,1,0
10801.0,631.782,0,3
10801.0,60.72,0,4
85204.0,20.724,1,1
85204.0,415.872,1,3
43130.0,16.768,2,1
43130.0,27.12,2,1
95207.0,95.84,1,0
95207.0,12.96,1,1
28806.0,19.008,0,1
37042.0,1598.058,3,2
37042.0,36.96,2,4
60505.0,10.368,2,1
60505.0,77.72,2,4
60505.0,520.464,2,3
2886.0,111.96,0,4
70506.0,29.16,1,1
58103.0,131.94,2,4
58103.0,25.92,2,1
58103.0,704.76,2,3
58103.0,7.41,2,1
58103.0,21.5,2,1
60623.0,10.528,2,1
60623.0,20.544,2,1
46226.0,104.9,2,4
46226.0,39.68,2,4
46226.0,51.75,2,4
46514.0,11.68,2,1
46514.0,159.75,2,4
44240.0,103.968,2,4
91776.0,303.25,1,3
91776.0,270.72,1,3
91776.0,1487.04,3,2
42420.0,17.48,2,1
42420.0,71.88,2,4
94110.0,60.45,1,0
94110.0,253.176,1,0
60035.0,2.88,2,1
60035.0,384.944,2,3
60035.0,153.584,2,3
60035.0,913.43,2,3
94122.0,43.92,1,0
94122.0,25.032,1,1
10035.0,46.76,0,4
10035.0,183.968,0,3
10035.0,1259.97,0,2
10035.0,68.97,0,4
75081.0,70.368,1,0
75081.0,59.96,1,0
45503.0,25.984,2,1
45503.0,27.36,2,1
92024.0,361.376,1,3
19120.0,172.186,0,4
19120.0,69.008,0,4
21044.0,199.9,0,3
21044.0,901.95,0,3
21044.0,971.5,0,3
80906.0,11.328,1,1
10009.0,21.24,0,1
19140.0,34.8,0,4
19140.0,38.976,0,4
47201.0,9.08,2,1
47201.0,314.55,2,3
47201.0,4.91,2,1
90004.0,5.78,1,1
90004.0,107.94,1,0
10024.0,19.65,0,1
10024.0,617.97,0,3
10024.0,59.7,0,4
1841.0,387.99,0,3
94122.0,575.92,1,3
94122.0,30.4,1,0
48205.0,478.24,2,3
45011.0,190.848,2,3
43229.0,5.484,2,1
60610.0,40.92,2,1
33063.0,15.552,2,1
30328.0,17.24,0,1
30328.0,302.94,0,3
30328.0,34.75,0,1
30328.0,113.94,0,4
30328.0,55.98,0,4
87105.0,27.18,1,1
74133.0,1805.88,3,2
7050.0,70.95,0,4
42420.0,20.0,2,1
42420.0,7.98,2,1
42420.0,24.1,2,1
42420.0,8.75,2,1
42420.0,842.94,2,3
60653.0,2.182,2,1
60653.0,27.384,2,1
60653.0,26.406,2,1
77642.0,10.368,1,1
77642.0,23.68,1,1
48185.0,109.95,2,4
48185.0,965.85,2,3
48185.0,29.2,2,1
48185.0,32.4,2,1
47401.0,78.35,2,4
47401.0,31.68,2,1
47401.0,29.12,2,1
47401.0,169.45,2,3
90032.0,12.56,1,1
90032.0,6.48,1,1
90032.0,186.69,1,0
94109.0,25.4,1,1
94109.0,43.96,1,0
94109.0,1279.165,1,2
94109.0,27.92,1,0
94110.0,129.568,1,0
94110.0,6.368,1,1
95123.0,244.55,1,0
80219.0,1332.496,3,2
80013.0,32.776,1,1
80013.0,147.184,1,0
80013.0,54.384,1,0
80013.0,76.776,1,0
80013.0,14.352,1,1
80013.0,209.792,1,0
83704.0,3.304,1,1
10035.0,16.38,0,1
10035.0,167.96,0,4
10035.0,321.568,0,3
10035.0,12.96,0,1
19140.0,128.058,0,4
44060.0,63.686,2,4
44060.0,239.976,2,3
44060.0,344.22,2,3
44060.0,15.552,2,1
44060.0,21.248,2,1
44060.0,8.448,2,1
73505.0,333.09,1,3
73505.0,248.98,1,3
10024.0,24.9,0,1
90049.0,15.26,1,1
90049.0,43.32,1,0
90049.0,43.584,1,0
90049.0,116.28,1,0
90049.0,9.296,1,1
90049.0,19.44,1,1
90049.0,314.55,1,3
77036.0,16.27,1,1
77036.0,69.12,1,0
77036.0,4.47,1,1
90032.0,418.296,1,3
43229.0,659.988,2,3
43229.0,8.128,2,1
43229.0,36.288,2,1
43229.0,909.72,2,3
90032.0,917.9235,1,3
90032.0,38.88,1,0
19140.0,631.176,0,3
94110.0,12.96,1,1
93309.0,12.96,1,1
93309.0,23.2,1,1
77095.0,25.92,1,1
77095.0,21.312,1,1
90045.0,173.656,1,0
90045.0,361.96,1,3
90045.0,62.85,1,0
90045.0,818.376,1,3
90045.0,20.34,1,1
90045.0,23.99,1,1
90036.0,171.288,1,0
65807.0,37.3,2,1
65807.0,81.96,2,4
85023.0,54.792,1,0
77070.0,10.784,1,1
23666.0,290.98,0,3
74133.0,36.44,1,1
98105.0,21.4,1,1
98105.0,48.664,1,0
94109.0,16.56,1,1
32216.0,1347.52,3,2
47374.0,62.31,2,4
47374.0,20.32,2,1
80027.0,9.432,1,1
10024.0,34.86,0,4
10024.0,89.34,0,4
13440.0,269.98,0,3
13440.0,99.9,0,4
13440.0,39.08,0,4
43302.0,116.832,2,4
77041.0,2.296,1,1
10009.0,408.006,0,3
10009.0,40.44,0,4
95336.0,122.352,1,0
95336.0,15.28,1,1
90004.0,11.96,1,1
98115.0,15.84,1,1
98115.0,86.376,1,0
98115.0,18.24,1,1
98115.0,13.12,1,1
2908.0,105.98,0,4
2908.0,493.92,0,3
60653.0,5.936,2,1
73120.0,325.86,1,3
60610.0,383.607,2,3
60610.0,148.48,2,3
60610.0,537.544,2,3
60610.0,1.928,2,1
60610.0,6.912,2,1
60610.0,7.76,2,1
60610.0,659.168,2,3
6040.0,5.76,0,1
90049.0,351.216,1,3
94122.0,230.28,1,0
94122.0,12.84,1,1
54601.0,56.82,2,4
29501.0,31.56,0,1
29501.0,27.92,0,1
85301.0,8.559,1,1
79907.0,49.568,1,0
78207.0,127.869,1,0
90049.0,271.44,1,3
90049.0,110.352,1,0
90049.0,36.4,1,0
33023.0,419.136,2,3
85204.0,100.704,1,0
28314.0,45.216,0,4
28314.0,28.782,0,1
28314.0,24.448,0,1
77095.0,10.476,1,1
95123.0,76.14,1,0
67212.0,21.24,1,1
67212.0,127.96,1,3
90036.0,479.984,1,3
49201.0,657.93,2,3
49201.0,33.48,2,1
49201.0,13.9,2,1
49201.0,26.86,2,1
83501.0,9.584,1,1
23666.0,113.1,0,4
10035.0,65.78,0,4
39401.0,239.7,2,3
19140.0,25.632,0,1
19140.0,23.616,0,1
90045.0,8.26,1,1
94526.0,76.58,1,0
94526.0,8.8,1,1
94526.0,590.352,1,3
94526.0,5.58,1,1
94526.0,25.02,1,1
94526.0,452.55,1,3
90004.0,17.76,1,1
90004.0,302.384,1,3
90004.0,146.352,1,0
90004.0,7.9,1,1
90004.0,902.712,1,3
90004.0,53.97,1,0
20016.0,33.92,0,4
53209.0,21.81,2,1
53209.0,91.6,2,4
21215.0,150.98,0,4
21215.0,137.25,0,4
21215.0,11.52,0,1
28540.0,18.272,0,1
28540.0,153.728,0,4
28540.0,12.224,0,1
28540.0,167.944,0,4
14609.0,45.99,0,4
14609.0,535.41,0,3
14609.0,6.096,0,1
14609.0,45.36,0,4
92054.0,47.12,1,0
39503.0,31.36,2,1
32216.0,47.616,2,4
32216.0,23.48,2,1
77070.0,62.79,1,0
77070.0,28.44,1,1
77095.0,134.376,1,0
2149.0,589.9,0,3
2149.0,542.94,0,3
90049.0,2879.952,3,2
90049.0,90.48,1,0
19805.0,77.55,0,4
38401.0,8.832,2,1
38401.0,177.536,2,4
38401.0,258.48,2,3
38401.0,14.136,2,1
10011.0,77.55,0,4
10011.0,24.88,0,1
10011.0,140.75,0,4
10011.0,36.63,0,4
48858.0,17.14,2,1
94122.0,51.75,1,0
94122.0,123.96,1,0
94122.0,586.398,1,3
94122.0,80.98,1,0
94122.0,242.94,1,0
90045.0,123.92,1,0
90045.0,12.39,1,1
90045.0,47.3,1,0
23602.0,1599.92,3,2
23602.0,11.09,0,1
80525.0,3.168,1,1
80525.0,579.136,1,3
98105.0,6.368,1,1
98105.0,558.4,1,3
10011.0,145.764,0,4
23223.0,13.62,0,1
10009.0,434.646,0,3
98103.0,440.19,1,3
98103.0,64.4,1,0
94110.0,244.55,1,0
94110.0,195.76,1,0
8861.0,11.76,0,1
8861.0,166.45,0,4
94110.0,2.88,1,1
61032.0,45.248,2,1
19140.0,59.904,0,4
19140.0,23.696,0,1
19140.0,7.968,0,1
19140.0,18.2,0,1
19140.0,27.552,0,1
19140.0,844.116,0,3
19140.0,76.752,0,4
32216.0,3.0,2,1
33024.0,7.506,2,1
33024.0,16.56,2,1
98115.0,79.92,1,0
98115.0,69.98,1,0
76106.0,11.06,1,1
76106.0,623.4648,1,3
76106.0,772.68,1,3
48205.0,283.14,2,3
48205.0,635.96,2,3
48205.0,118.99,2,4
48205.0,272.94,2,3
19120.0,15.008,0,1
84321.0,33.088,1,0
84321.0,80.98,1,0
84321.0,82.8,1,0
84321.0,21.36,1,1
84321.0,62.048,1,0
13021.0,29.61,0,1
27604.0,863.928,0,3
19120.0,241.92,0,3
19120.0,163.88,0,4
19120.0,3.486,0,1
19120.0,10.584,0,1
47374.0,440.91,2,3
17602.0,5.715,0,1
85705.0,51.968,1,0
85705.0,71.976,1,0
85705.0,242.352,1,0
85705.0,221.92,1,0
85705.0,8.448,1,1
48205.0,29.52,2,1
48205.0,302.94,2,3
48205.0,142.36,2,4
48205.0,546.66,2,3
48205.0,212.13,2,3
78745.0,5.248,1,1
78745.0,74.416,1,0
78745.0,6.848,1,1
78745.0,7.996,1,1
77095.0,8.712,1,1
6708.0,65.17,0,4
6708.0,14.62,0,1
6708.0,173.24,0,4
90049.0,895.92,1,3
90049.0,130.71,1,0
90049.0,11.68,1,1
90049.0,62.31,1,0
19120.0,0.852,0,1
77340.0,36.288,1,1
77340.0,56.568,1,0
97206.0,344.704,1,3
80027.0,201.584,1,0
98115.0,521.96,1,3
21215.0,8.22,0,1
94109.0,45.36,1,0
90004.0,947.17,1,3
90004.0,61.96,1,0
60505.0,268.935,2,3
98103.0,7.58,1,1
30605.0,14.73,0,1
32712.0,9.888,2,1
32712.0,671.544,2,3
10009.0,1117.92,0,2
10009.0,275.952,0,3
94110.0,123.144,1,0
75217.0,15.576,1,1
92105.0,212.64,1,0
92105.0,9.87,1,1
92105.0,53.25,1,0
92105.0,19.92,1,1
10035.0,658.746,0,3
4240.0,8.26,0,1
4240.0,29.84,0,1
4240.0,67.98,0,4
90805.0,61.06,1,0
90805.0,35.544,1,0
98115.0,9.96,1,1
98115.0,9.21,1,1
98115.0,27.93,1,1
55901.0,7.9,2,1
55901.0,221.16,2,3
55901.0,127.96,2,4
55901.0,18.69,2,1
94110.0,25.35,1,1
94110.0,35.28,1,0
98103.0,33.4,1,0
99207.0,837.6,1,3
37064.0,40.68,2,4
38301.0,209.568,2,3
78745.0,22.368,1,1
33024.0,3.882,2,1
33024.0,115.296,2,4
19143.0,1.908,0,1
61832.0,43.372,2,1
10009.0,783.96,0,3
10009.0,48.896,0,4
10009.0,7.856,0,1
43229.0,5.904,2,1
43229.0,13.712,2,1
91911.0,182.94,1,0
94110.0,27.76,1,0
10009.0,25.99,0,1
78207.0,113.52,1,0
78207.0,359.88,1,3
28540.0,25.344,0,1
94109.0,11.952,1,1
94109.0,6.24,1,1
85323.0,742.336,1,3
60610.0,6.464,2,1
60610.0,11.52,2,1
60610.0,222.384,2,3
92025.0,23.36,1,1
11561.0,8.67,0,1
11561.0,25.71,0,1
19711.0,100.94,0,4
14215.0,63.882,0,4
77070.0,683.144,1,3
77070.0,1.476,1,1
77070.0,40.712,1,0
67212.0,279.9,1,3
80906.0,13.12,1,1
80906.0,69.576,1,0
80906.0,4.224,1,1
80906.0,58.08,1,0
80906.0,52.416,1,0
80906.0,54.92,1,0
80906.0,364.95,1,3
80906.0,85.056,1,0
80906.0,27.696,1,1
10011.0,24.96,0,1
90036.0,43.13,1,0
30062.0,5.64,0,1
32216.0,57.582,2,4
32216.0,31.104,2,1
32216.0,30.192,2,1
32216.0,43.6,2,4
32216.0,4.768,2,1
32216.0,10.38,2,1
32216.0,13.392,2,1
19140.0,39.594,0,4
19140.0,91.008,0,4
90008.0,37.94,1,0
90008.0,42.8,1,0
90008.0,33.63,1,0
19134.0,62.808,0,4
54703.0,195.64,2,3
54703.0,239.9,2,3
19134.0,380.058,0,3
19134.0,1199.976,0,2
19134.0,48.576,0,4
90004.0,17.94,1,1
19134.0,18.264,0,1
19134.0,34.656,0,4
19134.0,81.552,0,4
19134.0,227.136,0,3
6360.0,10.36,0,1
78207.0,463.248,1,3
78207.0,383.952,1,3
85364.0,44.856,1,0
43229.0,30.345,2,1
43229.0,127.554,2,4
43229.0,77.952,2,4
90036.0,14.016,1,1
40475.0,69.52,2,4
40475.0,5.64,2,1
10035.0,13.776,0,1
54401.0,245.88,2,3
54401.0,36.63,2,1
54401.0,22.58,2,1
54401.0,12.39,2,1
94110.0,39.92,1,0
94110.0,61.96,1,0
94110.0,19.936,1,1
43017.0,3.798,2,1
43017.0,27.744,2,1
43017.0,158.376,2,4
42420.0,27.58,2,1
43402.0,5.553,2,1
38109.0,243.92,2,3
8701.0,14.96,0,1
90008.0,7.184,1,1
14609.0,10.512,0,1
97301.0,263.96,1,3
97301.0,71.632,1,0
97301.0,9.328,1,1
99301.0,5.88,1,1
99301.0,975.92,1,3
99301.0,303.84,1,3
99301.0,485.88,1,3
94601.0,12.54,1,1
94601.0,8.94,1,1
94601.0,9.24,1,1
90004.0,70.008,1,0
90004.0,77.6,1,0
90004.0,464.85,1,3
60302.0,10.192,2,1
7960.0,1793.98,3,2
78745.0,758.352,1,3
10011.0,20.368,0,1
10011.0,49.848,0,4
10024.0,239.97,0,3
98103.0,2404.704,3,2
98103.0,563.024,1,3
98103.0,344.91,1,3
98103.0,8.64,1,1
17602.0,89.988,0,4
17602.0,229.544,0,3
77095.0,1.824,1,1
77095.0,18.32,1,1
77095.0,48.816,1,0
77095.0,1.188,1,1
43229.0,119.8,2,4
27707.0,61.568,0,4
27707.0,6.192,0,1
32503.0,2.214,2,1
42420.0,5.32,2,1
42420.0,975.92,2,3
42420.0,2249.91,3,2
42420.0,59.92,2,4
92804.0,171.2,1,0
92804.0,3.36,1,1
48227.0,114.2,2,4
30062.0,182.67,0,4
30062.0,101.7,0,4
30062.0,1126.02,0,2
30062.0,1263.3,3,2
98103.0,8.82,1,1
98103.0,37.94,1,0
98103.0,4.2,1,1
98103.0,227.28,1,0
98103.0,47.9,1,0
98103.0,61.96,1,0
98103.0,1117.92,1,3
44134.0,183.372,2,3
44134.0,7.968,2,1
97030.0,26.352,1,1
92804.0,481.32,1,3
92804.0,13.98,1,1
10035.0,25.92,0,1
10035.0,91.59,0,4
77070.0,674.058,1,3
3301.0,22.92,0,1
3301.0,269.9,0,3
45014.0,11.808,2,1
45014.0,9.588,2,1
37604.0,18.336,2,1
37604.0,36.288,2,1
37604.0,111.984,2,4
37604.0,5.97,2,1
37604.0,2.508,2,1
98105.0,35.96,1,0
98105.0,14.952,1,1
77573.0,67.144,1,0
77573.0,254.058,1,3
20877.0,173.94,0,4
20877.0,231.98,0,3
60653.0,2.296,2,1
35810.0,96.08,2,4
35810.0,3.62,2,1
35810.0,629.1,2,3
35810.0,90.48,2,4
1841.0,14.88,0,1
60623.0,91.275,2,4
6824.0,19.44,0,1
6824.0,897.15,0,3
10009.0,57.75,0,4
10009.0,14.94,0,1
98103.0,23.1,1,1
80013.0,12.536,1,1
80013.0,1.08,1,1
80013.0,4.512,1,1
84043.0,16.776,1,1
35401.0,33.74,2,1
94109.0,1325.85,3,2
94109.0,333.999,1,3
94109.0,19.9,1,1
19805.0,1268.82,3,2
19805.0,283.92,0,3
19805.0,5.68,0,1
47905.0,375.34,2,3
90278.0,96.08,1,0
90278.0,11.68,1,1
90278.0,4.36,1,1
98115.0,29.24,1,0
90045.0,117.488,1,0
90045.0,18.84,1,1
10009.0,12.42,0,1
48073.0,12.96,2,1
94109.0,69.48,1,0
10009.0,85.9,0,4
89031.0,18.06,1,1
89031.0,79.14,1,0
89031.0,37.4,1,0
75007.0,2.512,1,1
75007.0,18.864,1,1
90008.0,61.192,1,0
90008.0,67.84,1,0
98103.0,48.712,1,0
98103.0,17.94,1,1
98103.0,242.94,1,0
33311.0,7.764,2,1
38401.0,467.04,2,3
2908.0,128.85,0,4
2908.0,8.4,0,1
2908.0,199.98,0,3
2908.0,110.98,0,4
32216.0,207.984,2,3
32216.0,36.112,2,4
32216.0,35.568,2,4
32216.0,88.768,2,4
92054.0,12.9,1,1
32216.0,717.12,2,3
10024.0,21.36,0,1
10024.0,6.688,0,1
10024.0,773.94,0,3
60610.0,20.568,2,1
60610.0,4.356,2,1
60610.0,19.04,2,1
92646.0,5.22,1,1
92105.0,84.84,1,0
37211.0,7.24,2,1
10009.0,14.4,0,1
80906.0,15.552,1,1
80906.0,1325.76,3,2
80906.0,3.108,1,1
94110.0,6.672,1,1
94110.0,689.408,1,3
60653.0,1889.99,3,2
38109.0,55.936,2,4
38109.0,18.432,2,1
38109.0,20.32,2,1
10011.0,52.064,0,4
27604.0,48.784,0,4
27604.0,13.092,0,1
90045.0,109.592,1,0
90045.0,56.7,1,0
90004.0,79.99,1,0
23602.0,69.5,0,4
23602.0,191.6,0,3
90032.0,10.56,1,1
39212.0,47.79,2,4
47374.0,714.3,2,3
10035.0,2321.9,3,2
10035.0,17.94,0,1
19134.0,9.522,0,1
19134.0,791.964,0,3
19134.0,4.923,0,1
85023.0,209.979,1,0
44105.0,33.93,2,1
44105.0,222.32,2,3
44105.0,210.564,2,3
43615.0,35.168,2,1
43615.0,1502.376,3,2
90008.0,10.11,1,1
90008.0,772.47,1,3
90008.0,20.46,1,1
10011.0,347.58,0,3
92037.0,72.64,1,0
92037.0,772.47,1,3
92037.0,39.92,1,0
73120.0,33.48,1,1
73120.0,461.97,1,3
73120.0,137.62,1,0
73120.0,302.67,1,3
60653.0,239.976,2,3
94109.0,8.34,1,1
94109.0,8.57,1,1
94109.0,119.616,1,0
8360.0,212.94,0,3
8360.0,26.49,0,1
53209.0,687.4,2,3
98115.0,653.55,1,3
98115.0,33.9,1,0
60540.0,239.96,2,3
19805.0,199.836,0,3
19805.0,716.0,0,3
19805.0,221.06,0,3
90036.0,67.71,1,0
90036.0,129.92,1,0
90036.0,467.46,1,3
90036.0,61.4,1,0
90036.0,720.76,1,3
90036.0,5.184,1,1
90036.0,14.7,1,1
60610.0,8.134,2,1
60610.0,79.984,2,4
98198.0,18.54,1,1
19140.0,24.4,0,1
30318.0,195.64,0,3
75217.0,398.4,1,3
75217.0,7.056,1,1
75217.0,1352.3976,3,2
92553.0,26.4,1,0
92553.0,41.88,1,0
19140.0,99.846,0,4
40324.0,699.98,2,3
40324.0,584.82,2,3
55407.0,43.98,2,4
55407.0,377.97,2,3
55407.0,123.96,2,4
19805.0,391.98,0,3
27217.0,383.976,0,3
27217.0,1781.682,3,2
90008.0,21.4,1,1
48183.0,549.99,2,3
48183.0,167.535,2,3
48183.0,38.34,2,1
48183.0,53.88,2,4
48183.0,299.98,2,3
94109.0,62.8,1,0
90049.0,13.904,1,1
77070.0,744.1,1,3
77070.0,44.84,1,0
77070.0,401.59,1,3
53209.0,18.24,2,1
94122.0,359.499,1,3
94122.0,10.48,1,1
44105.0,20.736,2,1
28110.0,35.168,0,4
28110.0,64.704,0,4
1852.0,105.52,0,4
75081.0,5.792,1,1
19120.0,466.158,0,3
19120.0,10.312,0,1
19120.0,2.556,0,1
80538.0,7.968,1,1
80538.0,8.784,1,1
80538.0,3.024,1,1
2895.0,51.45,0,4
60610.0,14.016,2,1
60610.0,214.95,2,3
60610.0,35.04,2,1
60610.0,10.776,2,1
60610.0,4.6,2,1
60610.0,35.168,2,1
93309.0,19.152,1,1
75217.0,4.448,1,1
75217.0,5.184,1,1
75217.0,15.552,1,1
19140.0,40.032,0,4
19140.0,16.776,0,1
32725.0,186.304,2,3
31907.0,66.36,2,4
37211.0,42.048,2,4
37211.0,67.92,2,4
19134.0,52.512,0,4
19134.0,186.912,0,3
19134.0,10.048,0,1
60610.0,17.496,2,1
75220.0,15.552,1,1
88220.0,10.776,1,1
19134.0,3.304,0,1
10009.0,35.48,0,4
11572.0,34.44,0,4
11572.0,629.93,0,3
11572.0,79.056,0,4
70506.0,232.55,1,3
70506.0,99.98,1,3
70506.0,19.44,1,1
70506.0,12.96,1,1
10009.0,464.292,0,3
10009.0,68.46,0,4
10009.0,2799.96,3,2
10009.0,601.3,0,3
10009.0,16.99,0,1
10009.0,287.97,0,3
10009.0,44.82,0,4
92804.0,101.12,1,0
32725.0,107.976,2,4
10009.0,58.73,0,4
10009.0,93.344,0,4
98103.0,17.05,1,1
92105.0,8.096,1,1
73120.0,30.36,1,1
10550.0,23.34,0,1
10550.0,51.55,0,4
94109.0,119.9,1,0
10009.0,1317.492,0,2
10009.0,63.84,0,4
10009.0,3.592,0,1
90045.0,86.26,1,0
90045.0,139.04,1,0
90045.0,46.8,1,0
85224.0,8.544,1,1
85224.0,842.376,1,3
11561.0,1214.85,0,2
94109.0,67.78,1,0
59601.0,39.9,2,1
10011.0,2.688,0,1
10011.0,6.6,0,1
63122.0,28.4,2,1
63122.0,212.94,2,3
60653.0,1001.584,2,3
60653.0,569.058,2,3
60653.0,14.224,2,1
85345.0,105.584,1,0
85345.0,68.72,1,0
98103.0,1367.84,3,2
48180.0,301.96,2,3
91104.0,170.352,1,0
48640.0,3.9,2,1
48640.0,12.84,2,1
48640.0,15.84,2,1
48640.0,563.94,2,3
48640.0,62.94,2,4
48640.0,535.41,2,3
48205.0,3504.9,3,2
48205.0,144.12,2,4
48205.0,314.55,2,3
81001.0,3.408,1,1
76706.0,2.072,1,1
76706.0,328.3992,1,3
94109.0,53.248,1,0
10024.0,4.992,0,1
90036.0,37.68,1,0
90036.0,258.576,1,0
90036.0,75.84,1,0
2895.0,45.36,0,4
2895.0,45.78,0,4
31907.0,40.29,2,4
31907.0,38.71,2,4
32216.0,1801.632,3,2
19140.0,748.752,0,3
47201.0,199.96,2,3
47201.0,1516.2,3,2
77506.0,167.952,1,0
77506.0,45.04,1,0
94122.0,23.16,1,1
29203.0,397.6,0,3
29203.0,85.96,0,4
29203.0,13.12,0,1
29203.0,45.66,0,4
98031.0,158.13,1,0
98031.0,43.6,1,0
78664.0,3930.072,3,2
78664.0,2.304,1,1
78664.0,431.976,1,3
78664.0,41.72,1,0
94601.0,104.23,1,0
94601.0,70.26,1,0
13021.0,9.26,0,1
13021.0,105.98,0,4
13021.0,1.24,0,1
13021.0,20.7,0,1
13021.0,28.9,0,1
13021.0,27.18,0,1
19711.0,465.18,0,3
10024.0,36.63,0,4
92374.0,51.45,1,0
92374.0,7.83,1,1
92374.0,35.4,1,0
92374.0,29.9,1,0
48066.0,17.48,2,1
90049.0,79.14,1,0
10011.0,8.4,0,1
48205.0,498.26,2,3
48234.0,212.94,2,3
65807.0,706.86,2,3
65807.0,114.95,2,3
65807.0,43.19,2,1
90036.0,166.44,1,0
10011.0,36.56,0,4
10011.0,186.144,0,3
10011.0,353.568,0,3
94109.0,81.98,1,0
93727.0,14.624,1,1
93727.0,697.16,1,3
93727.0,30.93,1,0
93727.0,27.496,1,0
71854.0,605.34,1,3
94110.0,210.008,1,0
46203.0,54.96,2,4
21044.0,164.22,0,4
21044.0,362.94,0,3
21044.0,59.98,0,4
95123.0,332.94,1,3
95123.0,39.872,1,0
98115.0,13.68,1,1
75007.0,3.318,1,1
22204.0,10.44,0,1
90032.0,136.464,1,0
90032.0,333.576,1,3
90032.0,12.544,1,1
60423.0,20.768,2,1
98105.0,43.5,1,0
19143.0,12.576,0,1
31907.0,249.95,2,3
31907.0,49.12,2,4
23464.0,182.91,0,4
98198.0,107.648,1,0
18018.0,99.372,0,4
18018.0,33.568,0,4
73120.0,10.56,1,1
91730.0,38.88,1,0
90032.0,35.2,1,0
19120.0,45.528,0,4
77036.0,196.776,1,0
77036.0,2.92,1,1
77036.0,200.795,1,0
77036.0,46.688,1,0
77036.0,21.864,1,1
98103.0,11.76,1,1
98103.0,167.94,1,0
98103.0,3.89,1,1
10701.0,52.44,0,4
94110.0,32.36,1,0
94110.0,406.6,1,3
90008.0,27.92,1,0
90008.0,399.672,1,3
33142.0,3.744,2,1
58103.0,715.2,2,3
72701.0,159.8,1,3
72701.0,44.75,1,0
79762.0,340.116,1,3
23464.0,105.52,0,4
53209.0,13.48,2,1
48234.0,85.52,2,4
55901.0,6.16,2,1
55901.0,36.84,2,1
98105.0,15.84,1,1
98105.0,44.4,1,0
80027.0,21.24,1,1
80027.0,9.552,1,1
80027.0,89.991,1,0
94122.0,163.96,1,0
77036.0,17.904,1,1
77036.0,966.7,1,3
77036.0,182.112,1,0
33180.0,4.464,2,1
44256.0,51.588,2,4
55113.0,50.4,2,4
77041.0,89.568,1,0
10701.0,14.89,0,1
10701.0,543.92,0,3
92037.0,4.08,1,1
92037.0,18.9,1,1
22153.0,2275.5,3,2
22153.0,1979.7,3,2
22153.0,62.1,0,4
62521.0,37.296,2,1
75043.0,8.544,1,1
11572.0,68.95,0,4
11572.0,296.37,0,3
11572.0,39.98,0,4
77095.0,191.058,1,0
77095.0,13.04,1,1
77095.0,1525.188,3,2
27834.0,9.216,0,1
27834.0,28.048,0,1
94110.0,64.96,1,0
94110.0,30.56,1,0
27405.0,187.056,0,3
37918.0,11.808,2,1
37918.0,9.656,2,1
37918.0,20.736,2,1
37918.0,27.36,2,1
37918.0,2314.116,3,2
37918.0,34.236,2,1
37918.0,19.76,2,1
68801.0,15.96,1,1
90712.0,16.9,1,1
90712.0,25.08,1,1
1841.0,6.68,0,1
90049.0,19.44,1,1
77036.0,31.92,1,1
10035.0,33.568,0,4
10011.0,63.94,0,4
10011.0,60.6,0,4
10011.0,22.72,0,1
19711.0,10.68,0,1
19711.0,17.34,0,1
19711.0,3.38,0,1
98105.0,26.976,1,1
85254.0,307.776,1,3
11572.0,244.55,0,3
11572.0,12.24,0,1
11572.0,13.98,0,1
11572.0,899.95,0,3
75220.0,1.632,1,1
75220.0,267.96,1,3
14609.0,31.95,0,1
90045.0,725.84,1,3
90045.0,10.896,1,1
90045.0,8.544,1,1
55125.0,32.34,2,1
55125.0,39.9,2,1
60068.0,143.856,2,3
75217.0,41.92,1,0
75217.0,329.584,1,3
71203.0,87.28,1,0
90004.0,279.456,1,3
90004.0,8.0,1,1
94109.0,27.24,1,0
94122.0,16.36,1,1
94122.0,15.78,1,1
94122.0,45.98,1,0
28314.0,198.272,0,3
75217.0,720.76,1,3
67212.0,70.56,1,3
67212.0,81.96,1,3
97477.0,64.864,1,0
77041.0,151.192,1,0
98103.0,88.776,1,0
98103.0,11.56,1,1
98103.0,15.58,1,1
44312.0,85.056,2,4
48237.0,273.96,2,3
48237.0,306.9,2,3
77041.0,15.552,1,1
77041.0,347.361,1,3
77041.0,10.368,1,1
98103.0,98.16,1,0
98103.0,31.44,1,0
19134.0,348.488,0,3
19134.0,172.736,0,4
90045.0,15.54,1,1
90045.0,105.552,1,0
77070.0,25.92,1,1
77070.0,15.808,1,1
77070.0,10.368,1,1
19143.0,358.2,0,3
19143.0,545.916,0,3
72756.0,40.41,1,1
90045.0,167.976,1,0
90045.0,109.53,1,0
90045.0,9.82,1,1
98105.0,26.352,1,1
19805.0,22.5,0,1
19805.0,9.96,0,1
19805.0,213.08,0,3
19805.0,1025.88,0,3
84604.0,21.98,1,1
94110.0,63.2,1,0
90004.0,39.0,1,0
43130.0,2.907,2,1
90004.0,556.665,1,3
98103.0,71.98,1,0
98103.0,79.98,1,0
10024.0,24.672,0,1
10024.0,3.744,0,1
90045.0,445.96,1,3
90045.0,36.24,1,0
90045.0,10.65,1,1
94109.0,87.92,1,0
94109.0,22.424,1,1
94109.0,90.48,1,0
94109.0,42.76,1,0
88101.0,10.08,1,1
88101.0,101.34,1,0
67212.0,224.75,1,3
60653.0,73.176,2,4
60653.0,20.736,2,1
60653.0,39.984,2,1
68104.0,15.36,1,1
77041.0,36.288,1,1
77041.0,150.384,1,0
19134.0,280.782,0,3
19134.0,31.984,0,1
90045.0,11.232,1,1
40475.0,26.4,2,1
6708.0,3.52,0,1
90045.0,1649.95,3,2
90045.0,111.9,1,0
90036.0,599.165,1,3
94122.0,46.53,1,0
33710.0,31.984,2,1
44107.0,161.568,2,4
44107.0,4.064,2,1
44107.0,6.216,2,1
85224.0,8.896,1,1
90008.0,1640.7,3,2
90008.0,270.0,1,3
32137.0,19.52,2,1
32137.0,9.81,2,1
32137.0,213.216,2,3
10035.0,588.784,0,3
33458.0,2.064,2,1
85301.0,6.368,1,1
10035.0,99.6,0,4
10035.0,62.296,0,4
10035.0,10.71,0,1
77041.0,20.936,1,1
10035.0,33.0,0,4
10035.0,249.95,0,3
66062.0,357.93,2,3
66062.0,57.4,2,3
66062.0,331.96,2,3
66062.0,40.56,2,1
89431.0,86.2,1,0
61107.0,38.016,2,1
19143.0,8.384,0,1
19143.0,6.848,0,1
98026.0,19.6,1,1
98026.0,68.46,1,0
94122.0,13.344,1,1
94122.0,1478.272,3,2
28806.0,16.272,0,1
90032.0,9.24,1,1
85254.0,32.34,1,0
85254.0,56.064,1,0
85254.0,108.72,1,0
85254.0,181.47,1,0
77095.0,16.176,1,1
94109.0,122.352,1,0
92105.0,585.552,1,3
92105.0,19.44,1,1
45011.0,123.92,2,4
80134.0,13.36,1,1
80134.0,78.256,1,0
80134.0,102.018,1,0
68025.0,750.68,1,3
55369.0,44.4,2,4
55369.0,84.55,2,4
55369.0,17.94,2,1
19711.0,128.4,0,4
33180.0,1.869,2,1
92105.0,103.192,1,0
92105.0,36.0,1,0
92105.0,239.96,1,0
92105.0,40.68,1,0
33142.0,419.136,2,3
33178.0,23.472,2,1
78207.0,3.592,1,1
32216.0,23.976,2,1
32216.0,6.264,2,1
32216.0,20.808,2,1
32216.0,218.352,2,3
77070.0,18.16,1,1
94122.0,7.36,1,1
94122.0,41.4,1,0
94122.0,411.332,1,3
19140.0,7.656,0,1
43302.0,63.92,2,4
10024.0,6.56,0,1
10024.0,7.83,0,1
10024.0,41.9,0,4
10024.0,664.146,0,3
10024.0,8.96,0,1
19140.0,3.312,0,1
19140.0,20.136,0,1
19140.0,8.856,0,1
19140.0,859.2,0,3
90036.0,61.96,1,0
30080.0,17.92,0,1
94122.0,145.9,1,0
60653.0,56.704,2,4
60653.0,11.12,2,1
97504.0,32.896,1,0
97504.0,22.776,1,1
10009.0,239.97,0,3
10009.0,160.32,0,4
10009.0,128.85,0,4
35810.0,1319.96,3,2
19134.0,239.96,0,3
19134.0,54.768,0,4
19134.0,13.392,0,1
19134.0,23.92,0,1
19134.0,255.968,0,3
95051.0,21.552,1,1
95051.0,58.24,1,0
90805.0,80.28,1,0
90008.0,9.78,1,1
93101.0,1.81,1,1
10009.0,37.94,0,4
32216.0,79.96,2,4
75104.0,115.296,1,0
68104.0,2479.96,3,2
72209.0,179.94,1,3
72209.0,26.85,1,1
72209.0,323.37,1,3
72209.0,59.94,1,0
72209.0,64.14,1,0
72209.0,11.67,1,1
72209.0,12.96,1,1
68701.0,17.43,1,1
60653.0,181.986,2,3
60653.0,1.592,2,1
60653.0,22.344,2,1
85705.0,455.97,1,3
85705.0,10.44,1,1
85705.0,5.214,1,1
3301.0,67.4,0,4
84020.0,25.16,1,1
84020.0,126.56,1,0
94109.0,43.68,1,0
94109.0,139.93,1,0
77036.0,2.672,1,1
77036.0,16.656,1,1
77036.0,79.512,1,0
77036.0,36.288,1,1
77036.0,67.9932,1,0
36116.0,10.16,2,1
39212.0,6.16,2,1
39212.0,56.3,2,4
89031.0,6.48,1,1
89031.0,1325.85,3,2
89031.0,14.94,1,1
30318.0,34.54,0,1
30318.0,2999.95,3,2
30318.0,64.12,0,4
60610.0,19.456,2,1
60610.0,209.986,2,3
60610.0,29.76,2,1
60610.0,89.768,2,4
60610.0,959.984,2,3
60610.0,15.552,2,1
60610.0,34.36,2,1
43229.0,98.376,2,4
43229.0,29.94,2,1
43229.0,17.472,2,1
43229.0,36.738,2,1
43229.0,179.94,2,3
91104.0,383.64,1,3
91104.0,56.52,1,0
90004.0,6.56,1,1
90004.0,243.92,1,0
90004.0,47.52,1,0
20735.0,19.98,0,1
10024.0,8.0,0,1
92037.0,6.16,1,1
10011.0,83.56,0,4
10011.0,546.06,0,3
10011.0,269.49,0,3
93534.0,10.9,1,1
59405.0,6.096,2,1
94110.0,34.05,1,0
94110.0,352.38,1,3
8701.0,245.98,0,3
8701.0,18.94,0,1
44105.0,59.913,2,4
1841.0,391.98,0,3
1841.0,437.85,0,3
3301.0,68.62,0,4
21215.0,25.02,0,1
21215.0,10.71,0,1
43229.0,55.984,2,4
43229.0,14.48,2,1
43229.0,142.488,2,4
77041.0,14.16,1,1
77041.0,79.92,1,0
10011.0,590.352,0,3
27405.0,17.088,0,1
27405.0,98.392,0,4
10024.0,11.05,0,1
94109.0,7.78,1,1
71203.0,659.9,1,3
45231.0,53.04,2,4
98105.0,843.9,1,3
98105.0,1496.16,3,2
10011.0,117.96,0,4
10035.0,21.3,0,1
10035.0,1040.8,0,3
10035.0,29.34,0,1
38109.0,19.52,2,1
92105.0,443.92,1,3
54601.0,499.95,2,3
54601.0,3.04,2,1
54601.0,201.96,2,3
54601.0,68.64,2,4
90032.0,100.0,1,0
90032.0,359.98,1,3
98115.0,6.16,1,1
98115.0,2348.82,3,2
33180.0,13.872,2,1
33180.0,273.552,2,3
19143.0,815.292,0,3
23320.0,234.45,0,3
23320.0,1256.22,3,2
23320.0,17.46,0,1
10009.0,10.528,0,1
48104.0,152.8,2,4
91941.0,82.56,1,0
91941.0,284.97,1,3
48126.0,60.84,2,4
92024.0,1325.76,3,2
92024.0,572.16,1,3
44107.0,28.8,2,1
6450.0,11.12,0,1
31907.0,7.04,2,1
30076.0,17.94,0,1
98105.0,34.76,1,0
7960.0,74.45,0,4
22304.0,192.22,0,3
84106.0,19.44,1,1
92307.0,32.4,1,0
92307.0,57.9,1,0
92307.0,10.56,1,1
92307.0,1194.165,1,2
10009.0,40.99,0,4
90805.0,2.94,1,1
97301.0,45.24,1,0
97301.0,18.688,1,1
97301.0,11.648,1,1
97301.0,112.776,1,0
97301.0,377.45,1,3
97301.0,15.936,1,1
97301.0,28.68,1,0
80013.0,21.44,1,1
80013.0,511.056,1,3
43055.0,18.656,2,1
43055.0,11.088,2,1
43055.0,66.688,2,4
43055.0,99.488,2,4
98103.0,14.62,1,1
98103.0,53.984,1,0
98103.0,389.97,1,3
83201.0,355.36,1,3
83201.0,140.376,1,0
75081.0,15.84,1,1
75081.0,8.448,1,1
98105.0,12.96,1,1
98115.0,57.408,1,0
98115.0,27.6,1,1
60610.0,38.976,2,1
49423.0,20.44,2,1
49423.0,109.92,2,4
74012.0,6.38,1,1
74012.0,6.48,1,1
30605.0,15.84,0,1
30605.0,1049.93,0,3
30605.0,154.9,0,4
98105.0,98.352,1,0
32712.0,14.32,2,1
32712.0,129.888,2,4
32712.0,48.944,2,4
77070.0,275.058,1,3
21215.0,27.36,0,1
21215.0,44.75,0,4
21215.0,134.99,0,4
21215.0,26.4,0,1
21215.0,542.94,0,3
94109.0,71.088,1,0
60623.0,27.396,2,1
60623.0,13.456,2,1
78041.0,11.84,1,1
94109.0,35.88,1,0
44105.0,40.752,2,4
44105.0,139.96,2,4
43302.0,2.624,2,1
43302.0,136.53,2,4
43302.0,263.96,2,3
6824.0,11.64,0,1
10009.0,40.176,0,4
10024.0,79.44,0,4
10024.0,357.93,0,3
10024.0,127.764,0,4
10024.0,2799.944,3,2
10024.0,19.44,0,1
60653.0,36.792,2,1
10035.0,5.94,0,1
23223.0,177.55,0,4
48104.0,619.95,2,3
48104.0,29.16,2,1
48104.0,57.96,2,4
48104.0,29.403,2,1
47905.0,81.4,2,4
97477.0,8.72,1,1
97477.0,91.176,1,0
97477.0,159.968,1,0
94109.0,12.96,1,1
60653.0,331.536,2,3
10011.0,899.91,0,3
77095.0,946.344,1,3
53711.0,178.11,2,3
53711.0,1089.75,2,3
53711.0,61.06,2,4
53711.0,459.92,2,3
53711.0,27.52,2,1
6460.0,638.82,0,3
6460.0,30.69,0,1
6460.0,25.16,0,1
10024.0,13.92,0,1
90049.0,19.36,1,1
90049.0,19.3,1,1
94109.0,38.376,1,0
94533.0,12.96,1,1
94533.0,26.48,1,1
94533.0,532.72,1,3
94533.0,26.72,1,1
94533.0,20.04,1,1
94533.0,795.48,1,3
94533.0,21.56,1,1
27834.0,249.584,0,3
27834.0,68.112,0,4
27834.0,16.56,0,1
11561.0,74.95,0,4
60089.0,355.455,2,3
92037.0,44.4,1,0
92037.0,20.65,1,1
40475.0,866.4,2,3
22153.0,5.56,0,1
76106.0,3.16,1,1
76106.0,1999.96,3,2
27604.0,46.152,0,4
33012.0,32.985,2,1
90032.0,481.32,1,3
90032.0,6.384,1,1
92630.0,542.94,1,3
92630.0,54.92,1,0
11561.0,1448.82,3,2
98103.0,353.88,1,3
96003.0,333.576,1,3
78207.0,60.144,1,0
77070.0,85.2,1,0
1453.0,3.15,0,1
1453.0,22.72,0,1
90032.0,14.91,1,1
90032.0,1158.12,1,2
65807.0,599.99,2,3
76706.0,23.968,1,1
90036.0,638.288,1,3
90036.0,13.208,1,1
13021.0,15.528,0,1
94109.0,104.85,1,0
90008.0,30.48,1,0
90008.0,112.648,1,0
90049.0,71.976,1,0
95928.0,2.21,1,1
95928.0,15.52,1,1
95928.0,36.44,1,0
97477.0,217.764,1,0
97477.0,39.072,1,0
97477.0,22.638,1,1
97477.0,95.144,1,0
32216.0,12.32,2,1
32216.0,4.419,2,1
93309.0,35.0,1,0
93309.0,72.784,1,0
93309.0,97.84,1,0
93309.0,51.75,1,0
93309.0,46.672,1,0
10011.0,1395.54,3,2
10011.0,117.36,0,4
10011.0,18.9,0,1
10011.0,77.52,0,4
60610.0,421.372,2,3
79907.0,575.968,1,3
79907.0,10.368,1,1
91360.0,15.984,1,1
45503.0,10.272,2,1
75220.0,61.792,1,0
75220.0,205.9992,1,3
37918.0,12.192,2,1
37918.0,87.168,2,4
37918.0,31.744,2,1
37421.0,132.224,2,4
92037.0,105.52,1,0
92037.0,91.96,1,0
92037.0,1487.976,3,2
10024.0,19.44,0,1
33614.0,11.672,2,1
13501.0,279.96,0,3
13501.0,12.912,0,1
13501.0,17.088,0,1
13501.0,93.15,0,4
13501.0,11.52,0,1
94122.0,238.62,1,0
94122.0,7.77,1,1
94122.0,285.48,1,3
94122.0,19.168,1,1
43229.0,26.136,2,1
10035.0,419.4,0,3
10035.0,90.801,0,4
10035.0,181.764,0,4
10035.0,5.56,0,1
47374.0,581.96,2,3
47374.0,29.98,2,1
92105.0,519.96,1,3
28027.0,6.264,0,1
28027.0,363.92,0,3
33178.0,64.2,2,4
33178.0,38.52,2,4
33178.0,72.6,2,4
90036.0,57.568,1,0
98115.0,83.7,1,0
22204.0,32.4,0,1
22204.0,47.98,0,4
92105.0,415.968,1,3
92105.0,304.9,1,3
92105.0,80.96,1,0
92105.0,777.21,1,3
92105.0,32.4,1,0
92105.0,225.568,1,0
92105.0,36.6,1,0
55113.0,715.64,2,3
55113.0,795.51,2,3
55113.0,549.99,2,3
55113.0,74.76,2,4
55113.0,29.22,2,1
23464.0,9.64,0,1
75220.0,33.488,1,1
75220.0,23.04,1,1
75220.0,1.362,1,1
75220.0,14.76,1,1
94521.0,239.666,1,0
72032.0,301.96,1,3
19120.0,7.968,0,1
72209.0,109.92,1,0
72209.0,19.44,1,1
72209.0,11.16,1,1
6450.0,79.47,0,4
6450.0,4.56,0,1
6450.0,1133.35,0,2
19143.0,4.672,0,1
19143.0,104.58,0,4
82001.0,1603.136,3,2
92804.0,1293.488,1,2
47401.0,127.95,2,4
31907.0,59.76,2,4
72401.0,108.08,1,0
72401.0,9.54,1,1
19140.0,11.736,0,1
1841.0,447.86,0,3
1841.0,17.94,0,1
1841.0,245.88,0,3
10011.0,192.16,0,3
92105.0,801.568,1,3
92105.0,368.91,1,3
92105.0,885.528,1,3
94109.0,28.28,1,0
94109.0,4912.59,3,2
94110.0,14.352,1,1
94110.0,179.97,1,0
2920.0,42.76,0,4
42301.0,45.68,2,4
21215.0,25.06,0,1
60610.0,38.432,2,1
60610.0,21.568,2,1
60610.0,81.576,2,4
30318.0,2.78,0,1
90036.0,99.87,1,0
90049.0,44.4,1,0
90049.0,21.4,1,1
47374.0,71.12,2,4
47374.0,259.96,2,3
94110.0,9.78,1,1
94122.0,24.192,1,1
7090.0,31.56,0,1
94122.0,59.94,1,0
94122.0,45.36,1,0
94122.0,26.4,1,1
94122.0,41.4,1,0
94122.0,16.95,1,1
95123.0,24.704,1,1
95123.0,59.7,1,0
95123.0,14.52,1,1
95123.0,104.184,1,0
98115.0,46.53,1,0
42301.0,25.5,2,1
10035.0,14.9,0,1
10035.0,87.71,0,4
10035.0,199.764,0,3
10035.0,94.6,0,4
10035.0,4228.704,3,2
10035.0,2003.92,3,2
10035.0,209.97,0,3
10035.0,659.9,0,3
10035.0,110.96,0,4
10035.0,67.8,0,4
10011.0,313.176,0,3
22153.0,22.96,0,1
98226.0,1099.5,1,3
35601.0,1215.92,3,2
72701.0,7.31,1,1
72701.0,8.92,1,1
19120.0,87.21,0,4
19120.0,15.552,0,1
19120.0,683.988,0,3
19120.0,13.392,0,1
19120.0,16.776,0,1
19120.0,527.92,0,3
98103.0,25.4,1,1
98103.0,177.48,1,0
98103.0,71.976,1,0
75023.0,95.992,1,0
75023.0,13.216,1,1
90049.0,435.84,1,3
90049.0,5.88,1,1
90032.0,211.168,1,0
90036.0,6.28,1,1
90036.0,95.1,1,0
90036.0,25.92,1,1
90036.0,48.84,1,0
50315.0,25.9,2,1
38671.0,42.68,2,4
38671.0,299.97,2,3
38671.0,262.24,2,3
38671.0,234.36,2,3
77041.0,20.736,1,1
10009.0,10.5,0,1
19601.0,23.968,0,1
19601.0,521.96,0,3
94109.0,676.55,1,3
94109.0,154.9,1,0
94109.0,30.56,1,0
94109.0,770.352,1,3
90045.0,21.12,1,1
90004.0,575.928,1,3
90004.0,7.78,1,1
90004.0,123.92,1,0
94109.0,17.22,1,1
94109.0,226.56,1,0
94109.0,107.88,1,0
10009.0,81.98,0,4
92105.0,104.85,1,0
92105.0,8.704,1,1
92105.0,19.92,1,1
92105.0,43.02,1,0
10024.0,240.784,0,3
10011.0,414.96,0,3
28205.0,387.72,0,3
66212.0,360.38,2,3
66212.0,13.56,2,1
85204.0,552.0,1,3
74133.0,429.9,1,3
74133.0,32.06,1,1
74133.0,161.96,1,0
74133.0,19.86,1,1
10035.0,12.96,0,1
19143.0,20.544,0,1
39401.0,185.58,2,3
39401.0,77.56,2,4
39401.0,87.92,2,4
39401.0,245.94,2,3
39401.0,8.6,2,1
39401.0,504.9,2,3
90049.0,2357.488,3,2
90049.0,369.544,1,3
90049.0,184.752,1,0
43229.0,64.96,2,4
43229.0,13.52,2,1
43229.0,458.43,2,3
43229.0,387.136,2,3
43229.0,328.59,2,3
83605.0,338.352,1,3
83605.0,25.92,1,1
83605.0,91.36,1,0
85023.0,87.96,1,0
85023.0,5.214,1,1
33142.0,12.294,2,1
90004.0,19.76,1,1
12180.0,109.764,0,4
2740.0,128.85,0,4
29501.0,127.95,0,4
90049.0,68.52,1,0
90049.0,74.94,1,0
90049.0,2548.56,3,2
90049.0,271.44,1,3
90049.0,287.88,1,3
90008.0,14.9,1,1
90008.0,4158.912,3,2
90049.0,91.96,1,0
90049.0,33.11,1,0
90049.0,19.44,1,1
90049.0,55.48,1,0
43229.0,91.92,2,4
70065.0,17.34,1,1
70065.0,71.98,1,3
75104.0,7.08,1,1
2908.0,69.98,0,4
43130.0,646.272,2,3
43130.0,10.368,2,1
98115.0,8.4,1,1
98115.0,71.96,1,0
28540.0,18.48,0,1
90049.0,9.84,1,1
33142.0,239.24,2,3
3060.0,21.12,0,1
10011.0,54.9,0,4
90036.0,15.24,1,1
75007.0,19.568,1,1
75007.0,310.392,1,3
40324.0,42.6,2,4
40324.0,113.94,2,4
40324.0,129.92,2,4
40324.0,5.28,2,1
90008.0,859.2,1,3
90008.0,506.28,1,3
85635.0,14.368,1,1
37918.0,314.352,2,3
37918.0,27.888,2,1
85705.0,238.152,1,0
55407.0,692.94,2,3
33142.0,16.146,2,1
33142.0,1345.485,3,2
77036.0,173.488,1,0
53209.0,57.75,2,4
53209.0,272.4,2,3
43130.0,11.952,2,1
43130.0,28.0,2,1
43130.0,12.201,2,1
78539.0,2.068,1,1
78539.0,83.84,1,0
10009.0,11.36,0,1
10009.0,36.4,0,4
19120.0,27.968,0,1
14609.0,142.04,0,4
14609.0,14.67,0,1
92037.0,1199.96,1,2
92037.0,12.6,1,1
92037.0,17.94,1,1
19120.0,23.904,0,1
38134.0,88.96,2,4
90712.0,518.272,1,3
90712.0,6.98,1,1
90712.0,343.2,1,3
19120.0,17.544,0,1
78745.0,152.688,1,0
78745.0,3.488,1,1
78745.0,5.888,1,1
90008.0,153.552,1,0
90008.0,270.62,1,3
10011.0,468.9,0,3
10011.0,72.48,0,4
10011.0,10.95,0,1
10011.0,191.82,0,3
77070.0,151.056,1,0
79424.0,25.16,1,1
77095.0,6.216,1,1
77095.0,23.616,1,1
77095.0,24.032,1,1
77095.0,2.088,1,1
77095.0,4.488,1,1
92627.0,29.22,1,0
30076.0,6.48,0,1
80538.0,1.188,1,1
10035.0,272.646,0,3
10035.0,212.8,0,3
10035.0,38.52,0,4
10035.0,72.64,0,4
10035.0,45.4,0,4
10035.0,13.76,0,1
10035.0,80.991,0,4
10035.0,11.784,0,1
10035.0,4.36,0,1
10035.0,2888.127,3,2
10035.0,1299.66,0,2
10035.0,2254.41,3,2
10035.0,104.85,0,4
10035.0,59.97,0,4
19143.0,314.532,0,3
33178.0,13.632,2,1
75051.0,19.432,1,1
75051.0,65.44,1,0
60653.0,6.0,2,1
60653.0,1.908,2,1
44134.0,1474.802,3,2
44134.0,110.096,2,4
44134.0,16.752,2,1
44134.0,1537.074,3,2
44134.0,449.372,2,3
94061.0,41.904,1,0
10011.0,2279.96,3,2
10011.0,14.94,0,1
97477.0,191.976,1,0
97477.0,23.832,1,1
97477.0,409.216,1,3
97477.0,72.588,1,0
60610.0,61.568,2,4
76021.0,20.96,1,1
90036.0,44.75,1,0
90036.0,11.96,1,1
90036.0,3.912,1,1
10009.0,327.996,0,3
94109.0,49.408,1,0
23464.0,53.25,0,4
23464.0,3.76,0,1
10011.0,767.214,0,3
37087.0,163.96,2,4
90045.0,161.28,1,0
91911.0,192.8,1,0
78501.0,27.696,1,1
78501.0,73.164,1,0
33021.0,32.064,2,1
94110.0,205.666,1,0
93454.0,115.44,1,0
6040.0,274.8,0,3
6040.0,195.64,0,3
6040.0,257.98,0,3
6040.0,119.04,0,4
68104.0,20.07,1,1
95123.0,11.76,1,1
94122.0,11.76,1,1
94122.0,40.736,1,0
94109.0,201.584,1,0
90805.0,340.704,1,3
31907.0,354.9,2,3
94110.0,1198.33,1,2
90004.0,87.92,1,0
19120.0,51.968,0,4
19120.0,51.336,0,4
19120.0,332.704,0,3
19120.0,42.408,0,4
74133.0,81.54,1,0
74133.0,167.28,1,0
90049.0,772.68,1,3
33801.0,323.976,2,3
33801.0,11.808,2,1
33801.0,26.16,2,1
33801.0,33.57,2,1
33801.0,4.992,2,1
33801.0,20.016,2,1
33801.0,170.24,2,4
77036.0,117.456,1,0
90008.0,22.96,1,1
22153.0,13.36,0,1
10035.0,34.248,0,4
10035.0,3.52,0,1
65807.0,26.7,2,1
65807.0,21.2,2,1
65807.0,838.38,2,3
29203.0,1690.04,3,2
29203.0,85.96,0,4
29203.0,121.96,0,4
29203.0,23.92,0,1
29203.0,63.96,0,4
29203.0,629.95,0,3
29203.0,113.73,0,4
29203.0,14.6,0,1
29203.0,887.84,0,3
97206.0,403.92,1,3
19120.0,106.8,0,4
10035.0,70.95,0,4
10035.0,34.944,0,4
10035.0,119.04,0,4
60016.0,383.84,2,3
10035.0,799.56,0,3
98103.0,31.44,1,0
77095.0,25.92,1,1
77095.0,6.33,1,1
77095.0,75.88,1,0
19143.0,329.988,0,3
19143.0,71.376,0,4
47201.0,63.77,2,4
47201.0,50.97,2,4
47201.0,96.08,2,4
60201.0,1439.968,3,2
60201.0,43.56,2,1
92307.0,563.92,1,3
43229.0,235.152,2,3
43302.0,7.712,2,1
77095.0,51.016,1,0
77095.0,25.248,1,1
77095.0,56.686,1,0
43302.0,51.168,2,4
98103.0,2793.528,3,2
98103.0,1000.02,1,3
98103.0,65.94,1,0
98632.0,18.24,1,1
98632.0,76.12,1,0
90278.0,7.64,1,1
10035.0,68.16,0,4
10035.0,62.24,0,4
40214.0,29.97,2,1
48183.0,125.7,2,4
48183.0,191.98,2,3
48183.0,20.86,2,1
90045.0,56.7,1,0
37075.0,72.704,2,4
37075.0,12.264,2,1
37075.0,218.352,2,3
97206.0,66.294,1,0
97206.0,291.168,1,3
75061.0,88.776,1,0
44105.0,110.376,2,4
44105.0,55.176,2,4
50701.0,30.32,2,1
98105.0,177.568,1,0
98105.0,19.44,1,1
98105.0,71.28,1,0
98105.0,1471.96,3,2
98105.0,79.96,1,0
19120.0,57.576,0,4
10009.0,26.336,0,1
95123.0,166.5,1,0
95123.0,360.38,1,3
90008.0,11.744,1,1
3301.0,247.44,0,3
38401.0,18.24,2,1
98006.0,25.35,1,1
98105.0,119.04,1,0
98105.0,22.14,1,1
98105.0,13.98,1,1
47201.0,43.41,2,4
47201.0,6.24,2,1
47201.0,465.16,2,3
47201.0,7.98,2,1
60623.0,2.394,2,1
30062.0,58.32,0,4
30062.0,200.97,0,3
36116.0,21.36,2,1
75023.0,9.856,1,1
33319.0,3.444,2,1
43229.0,384.592,2,3
10009.0,22.92,0,1
47374.0,11.36,2,1
98115.0,14.592,1,1
11561.0,41.4,0,4
61107.0,442.372,2,3
31907.0,34.5,2,1
74133.0,28.85,1,1
37211.0,3.488,2,1
37211.0,143.856,2,4
2138.0,311.98,0,3
2138.0,22.45,0,1
94601.0,39.992,1,0
94601.0,1159.056,1,2
94601.0,179.9,1,0
60067.0,116.312,2,4
98105.0,12.42,1,1
98105.0,428.4,1,3
98105.0,24.75,1,1
98105.0,87.71,1,0
98105.0,69.52,1,0
98105.0,20.784,1,1
98105.0,12.816,1,1
45231.0,5.904,2,1
43302.0,63.824,2,4
43302.0,141.552,2,4
90049.0,304.9,1,3
90049.0,563.24,1,3
44107.0,661.176,2,3
37087.0,239.976,2,3
94122.0,502.488,1,3
94122.0,196.704,1,0
95928.0,915.136,1,3
95928.0,327.76,1,3
24153.0,701.96,0,3
90008.0,88.776,1,0
90008.0,64.14,1,0
10024.0,33.552,0,4
1915.0,1737.18,3,2
1915.0,704.25,0,3
1915.0,141.76,0,4
92024.0,36.36,1,0
94109.0,25.83,1,1
60623.0,24.588,2,1
60623.0,13.984,2,1
75220.0,195.96,1,3
78415.0,74.352,1,0
10035.0,6.68,0,1
97405.0,17.584,1,1
97405.0,104.784,1,0
97405.0,47.952,1,0
97405.0,650.352,1,3
97405.0,629.184,1,3
97405.0,15.176,1,1
93030.0,127.95,1,0
6824.0,579.51,0,3
6824.0,14.99,0,1
49201.0,151.92,2,4
49201.0,196.62,2,3
49201.0,144.12,2,4
49201.0,15.96,2,1
92677.0,39.96,1,0
92677.0,34.08,1,0
32216.0,10.368,2,1
10550.0,7.752,0,1
48640.0,15.28,2,1
19711.0,65.97,0,4
94109.0,33.4,1,0
94109.0,210.84,1,0
48185.0,13.98,2,1
48185.0,272.94,2,3
48185.0,19.05,2,1
48185.0,247.716,2,3
48185.0,66.58,2,4
48185.0,43.92,2,4
48185.0,14.73,2,1
48185.0,29.7,2,1
10011.0,49.12,0,4
10011.0,18.28,0,1
90008.0,47.04,1,0
90008.0,339.96,1,3
10035.0,87.8,0,4
10035.0,221.382,0,3
10035.0,5199.96,3,2
43130.0,156.512,2,4
19711.0,119.85,0,4
19711.0,30.44,0,1
19711.0,69.28,0,4
19711.0,587.97,0,3
10024.0,24.55,0,1
94109.0,12.176,1,1
94109.0,37.32,1,0
94109.0,35.06,1,0
75217.0,108.4,1,0
33178.0,361.376,2,3
19120.0,2.412,0,1
10011.0,8.39,0,1
10011.0,337.98,0,3
19120.0,83.92,0,4
98103.0,19.68,1,1
98103.0,25.92,1,1
98103.0,6.48,1,1
98103.0,86.352,1,0
90032.0,56.3,1,0
97477.0,51.016,1,0
98059.0,150.8,1,0
98059.0,1039.992,1,3
98059.0,51.84,1,0
10009.0,41.22,0,4
10009.0,240.37,0,3
10009.0,119.02,0,4
95123.0,133.12,1,0
75051.0,38.08,1,1
10009.0,113.568,0,4
10009.0,83.92,0,4
10009.0,6.63,0,1
10009.0,371.97,0,3
38109.0,561.584,2,3
38109.0,99.92,2,4
19143.0,4.928,0,1
90004.0,14.76,1,1
6708.0,99.99,0,4
6708.0,286.15,0,3
85224.0,49.792,1,0
45503.0,299.975,2,3
45503.0,158.376,2,4
78745.0,32.784,1,1
78745.0,47.984,1,0
78745.0,62.592,1,0
78745.0,4.276,1,1
48234.0,10.56,2,1
48234.0,229.94,2,3
22153.0,311.15,0,3
22153.0,12.96,0,1
10011.0,14.62,0,1
10011.0,5.76,0,1
10011.0,21.48,0,1
10011.0,396.92,0,3
10011.0,17.15,0,1
10011.0,23.12,0,1
75217.0,5.248,1,1
3301.0,824.95,0,3
3301.0,24.64,0,1
3301.0,227.88,0,3
70506.0,241.96,1,3
70506.0,3.89,1,1
70506.0,8.01,1,1
27604.0,177.48,0,4
99207.0,569.568,1,3
99207.0,149.73,1,0
77041.0,899.43,1,3
77041.0,46.2,1,0
77041.0,47.952,1,0
77041.0,7.992,1,1
77041.0,76.864,1,0
40214.0,102.93,2,4
40214.0,98.16,2,4
33021.0,11.52,2,1
85224.0,83.88,1,0
19120.0,108.576,0,4
19120.0,5.984,0,1
74133.0,21.96,1,1
74133.0,368.97,1,3
74133.0,12.39,1,1
74133.0,332.94,1,3
84020.0,111.93,1,0
94601.0,454.272,1,3
1841.0,19.44,0,1
19120.0,8399.976,4,2
19120.0,6.294,0,1
19120.0,10.368,0,1
19120.0,122.382,0,4
28540.0,25.984,0,1
28540.0,945.036,0,3
28540.0,14.301,0,1
28540.0,410.352,0,3
60610.0,23.52,2,1
60610.0,180.96,2,3
83201.0,35.0,1,0
83201.0,477.15,1,3
83201.0,302.376,1,3
75023.0,974.988,1,3
10024.0,589.41,0,3
10024.0,34.7,0,4
10024.0,99.87,0,4
10024.0,37.94,0,4
10024.0,24.9,0,1
10024.0,82.26,0,4
60623.0,7.104,2,1
77095.0,103.5,1,0
77095.0,2.464,1,1
77095.0,8.72,1,1
6450.0,10.76,0,1
6450.0,45.68,0,4
6450.0,6.7,0,1
60025.0,158.376,2,3
77036.0,3.44,1,1
94110.0,56.56,1,0
94110.0,36.96,1,0
10009.0,135.99,0,4
10009.0,15.96,0,1
21215.0,3.76,0,1
21215.0,14.7,0,1
21215.0,37.2,0,4
21215.0,89.97,0,4
21215.0,261.96,0,3
21215.0,74.0,0,4
40214.0,13.28,2,1
37087.0,84.96,2,4
90008.0,68.46,1,0
2908.0,2079.4,3,2
2908.0,629.95,0,3
2908.0,72.42,0,4
48234.0,131.98,2,4
48234.0,114.52,2,4
77070.0,100.24,1,0
38401.0,871.8,2,3
19140.0,61.96,0,4
33024.0,4.554,2,1
33024.0,5.2,2,1
33024.0,205.992,2,3
33024.0,15.552,2,1
33024.0,503.96,2,3
33024.0,24.472,2,1
33024.0,241.568,2,3
33024.0,110.4,2,4
10011.0,384.768,0,3
10011.0,78.66,0,4
10011.0,45.36,0,4
28540.0,962.08,0,3
28540.0,12.843,0,1
28540.0,295.456,0,3
10011.0,32.4,0,1
19120.0,103.936,0,4
32839.0,289.568,2,3
32839.0,39.72,2,4
32839.0,244.768,2,3
77095.0,24.0,1,1
77095.0,15.552,1,1
77095.0,26.176,1,1
40214.0,20.94,2,1
40214.0,135.09,2,4
40214.0,279.86,2,3
40214.0,90.06,2,4
44256.0,539.964,2,3
44256.0,50.232,2,4
44256.0,19.242,2,1
10011.0,1247.64,0,2
60653.0,5.304,2,1
19143.0,19.136,0,1
19143.0,332.832,0,3
10009.0,279.9,0,3
10009.0,50.352,0,4
10009.0,34.02,0,4
94109.0,23.88,1,1
94109.0,11.52,1,1
94109.0,286.93,1,3
94109.0,206.384,1,0
94122.0,218.352,1,0
94122.0,529.9,1,3
94122.0,99.3,1,0
94122.0,108.96,1,0
94122.0,2.688,1,1
49201.0,5443.96,3,2
49201.0,302.67,2,3
49201.0,56.07,2,4
19120.0,10.08,0,1
19120.0,59.994,0,4
19120.0,5.715,0,1
19120.0,9.42,0,1
2886.0,1999.96,3,2
10024.0,216.4,0,3
79907.0,6.936,1,1
79907.0,4.428,1,1
55901.0,8.8,2,1
55901.0,142.8,2,4
55901.0,399.95,2,3
14215.0,2152.776,3,2
14215.0,4007.84,3,2
37918.0,328.59,2,3
37918.0,98.352,2,4
19711.0,158.99,0,4
19711.0,291.1,0,3
98103.0,73.68,1,0
98103.0,139.92,1,0
98103.0,107.88,1,0
98103.0,33.29,1,0
44105.0,58.17,2,4
44105.0,5.04,2,1
44105.0,24.784,2,1
60126.0,634.116,2,3
60126.0,17.472,2,1
55044.0,155.88,2,3
10035.0,327.564,0,3
90036.0,13.36,1,1
90036.0,158.9,1,0
60653.0,319.968,2,3
60653.0,505.32,2,3
60653.0,3.808,2,1
60653.0,8.682,2,1
60653.0,24.424,2,1
14215.0,1522.638,3,2
95661.0,419.9,1,3
95661.0,3.15,1,1
76017.0,33.62,1,1
1841.0,16.14,0,1
1841.0,194.25,0,3
1841.0,8.64,0,1
1841.0,872.32,0,3
76706.0,243.992,1,3
76706.0,7.12,1,1
77095.0,2.688,1,1
77095.0,317.058,1,3
77095.0,149.352,1,0
77095.0,227.976,1,3
98105.0,11.96,1,1
7060.0,563.4,0,3
7060.0,319.92,0,3
90008.0,1049.44,1,3
90008.0,170.352,1,0
22204.0,173.94,0,4
98103.0,1007.944,1,3
98105.0,6.68,1,1
98105.0,8.34,1,1
98105.0,101.94,1,0
98026.0,179.97,1,0
24153.0,101.94,0,4
24153.0,271.96,0,3
24153.0,8.8,0,1
24153.0,19.68,0,1
24153.0,302.94,0,3
24153.0,14.94,0,1
24153.0,231.72,0,3
33445.0,9.912,2,1
94110.0,34.65,1,0
94110.0,19.8,1,1
10024.0,33.568,0,4
46203.0,125.93,2,4
43229.0,11.76,2,1
43229.0,5.344,2,1
32216.0,1.365,2,1
32216.0,62.016,2,4
20735.0,60.72,0,4
20735.0,146.82,0,4
20735.0,239.84,0,3
20735.0,15.66,0,1
80022.0,146.352,1,0
92704.0,5.94,1,1
92704.0,45.36,1,0
92704.0,211.168,1,0
92704.0,484.704,1,3
92704.0,371.976,1,3
20735.0,89.82,0,4
90049.0,19.296,1,1
40214.0,191.96,2,3
40214.0,21.3,2,1
40214.0,469.95,2,3
40214.0,209.88,2,3
90045.0,239.666,1,0
90045.0,22.5,1,1
90045.0,219.84,1,0
65807.0,32.4,2,1
65807.0,209.94,2,3
65807.0,4164.05,3,2
65807.0,212.94,2,3
94109.0,41.88,1,0
94109.0,58.48,1,0
77590.0,102.438,1,0
77590.0,199.304,1,0
10024.0,6999.96,4,2
98006.0,12.96,1,1
10024.0,279.86,0,3
27893.0,7.38,0,1
98115.0,698.352,1,3
98115.0,1747.25,3,2
65807.0,54.48,2,3
94109.0,199.99,1,0
28205.0,68.541,0,4
28205.0,627.168,0,3
28205.0,122.12,0,4
10011.0,6.99,0,1
10011.0,107.424,0,4
44052.0,1421.664,3,2
46203.0,125.88,2,4
46203.0,79.78,2,4
46203.0,133.2,2,4
97756.0,438.368,1,3
97756.0,139.944,1,0
97756.0,133.472,1,0
97477.0,564.195,1,3
97477.0,87.168,1,0
76017.0,42.616,1,0
76017.0,319.984,1,3
76017.0,45.92,1,0
76017.0,21.184,1,1
76017.0,20.736,1,1
76017.0,213.43,1,3
85234.0,333.576,1,3
85234.0,31.992,1,0
85234.0,51.168,1,0
85234.0,10.64,1,1
85234.0,68.704,1,0
85234.0,386.91,1,3
1841.0,39.66,0,4
1841.0,113.92,0,4
1841.0,447.86,0,3
23464.0,356.85,0,3
23464.0,251.58,0,3
75061.0,219.84,1,3
8360.0,42.85,0,4
8360.0,6.16,0,1
8360.0,17.0,0,1
8360.0,87.4,0,4
31907.0,29.84,2,1
90032.0,49.568,1,0
92024.0,265.86,1,3
22901.0,67.96,0,4
46226.0,10.92,2,1
46226.0,83.9,2,4
46226.0,19.75,2,1
46226.0,393.54,2,3
85023.0,46.872,1,0
6450.0,10.9,0,1
6450.0,79.92,0,4
6450.0,146.82,0,4
53132.0,3.6,2,1
90008.0,20.04,1,1
61701.0,180.016,2,3
61701.0,41.552,2,1
61701.0,13.12,2,1
90032.0,1117.92,1,3
94109.0,111.96,1,0
77095.0,12.16,1,1
53209.0,17.52,2,1
53209.0,155.88,2,3
70601.0,477.51,1,3
21215.0,164.88,0,4
53132.0,47.97,2,4
10024.0,415.176,0,3
10024.0,35.232,0,4
10024.0,54.96,0,4
92024.0,16.34,1,1
92024.0,225.296,1,0
92024.0,50.352,1,0
27893.0,163.136,0,4
27893.0,6.408,0,1
90805.0,217.584,1,0
90805.0,5.43,1,1
90805.0,143.976,1,0
33311.0,519.68,2,3
21215.0,7.83,0,1
87124.0,883.84,1,3
87124.0,230.352,1,0
95207.0,273.92,1,3
43229.0,9.912,2,1
60076.0,266.352,2,3
60076.0,56.328,2,4
60076.0,39.264,2,1
60076.0,95.232,2,4
71901.0,30.0,1,1
71901.0,25.92,1,1
71901.0,159.92,1,3
27534.0,34.944,0,4
90032.0,149.95,1,0
90032.0,23.32,1,1
90032.0,16.74,1,1
3060.0,14.82,0,1
98103.0,10.47,1,1
98103.0,11.07,1,1
98103.0,20.704,1,1
47374.0,177.2,2,3
33180.0,50.496,2,4
37167.0,6.129,2,1
37167.0,643.136,2,3
37167.0,20.736,2,1
80013.0,177.536,1,0
80013.0,32.432,1,1
33142.0,11.696,2,1
94122.0,113.76,1,0
94122.0,579.51,1,3
94122.0,150.66,1,0
94122.0,48.032,1,0
60623.0,102.624,2,4
60623.0,359.772,2,3
60623.0,13.392,2,1
90008.0,122.136,1,0
3820.0,35.88,0,4
43017.0,479.952,2,3
43017.0,23.92,2,1
10009.0,629.95,0,3
10035.0,14.952,0,1
10035.0,17.94,0,1
10035.0,116.98,0,4
7501.0,121.96,0,4
7501.0,8.74,0,1
7501.0,61.96,0,4
7501.0,7.96,0,1
7501.0,275.24,0,3
8701.0,47.4,0,4
8701.0,512.96,0,3
8701.0,395.94,0,3
8701.0,81.96,0,4
27405.0,32.776,0,1
10035.0,272.94,0,3
10035.0,253.764,0,3
60623.0,29.24,2,1
60623.0,35.168,2,1
60623.0,1362.9,3,2
60653.0,317.058,2,3
60653.0,15.76,2,1
60653.0,14.56,2,1
8701.0,196.21,0,3
31907.0,35.4,2,4
85023.0,419.4,1,3
85023.0,13.005,1,1
90004.0,7.712,1,1
90004.0,4.176,1,1
90004.0,38.88,1,0
10024.0,17.64,0,1
78207.0,93.456,1,0
10009.0,449.91,0,3
21215.0,344.94,0,3
21215.0,14.76,0,1
21215.0,12.76,0,1
21215.0,58.48,0,4
19143.0,20.096,0,1
19143.0,37.752,0,4
19143.0,138.588,0,4
19143.0,259.92,0,3
19143.0,20.736,0,1
30318.0,129.93,0,4
30318.0,69.93,0,4
27707.0,140.736,0,4
95661.0,8.32,1,1
95823.0,9.98,1,1
6824.0,62.94,0,4
60610.0,21.488,2,1
60610.0,239.976,2,3
60610.0,34.504,2,1
77041.0,20.104,1,1
77041.0,3.798,1,1
77041.0,7.88,1,1
85023.0,35.445,1,0
85023.0,269.97,1,3
85023.0,45.12,1,0
85023.0,100.8,1,0
85023.0,47.968,1,0
91767.0,99.98,1,0
30318.0,9.96,0,1
98208.0,3.856,1,1
77095.0,98.376,1,0
77095.0,22.38,1,1
19140.0,3.882,0,1
19140.0,12.585,0,1
19140.0,113.372,0,4
19140.0,18.312,0,1
19140.0,127.936,0,4
19140.0,241.17,0,3
98105.0,6.24,1,1
98105.0,17.9,1,1
98105.0,3266.376,3,2
61604.0,1.68,2,1
61604.0,7.968,2,1
61604.0,113.372,2,4
61604.0,2.96,2,1
90036.0,168.1,1,0
36116.0,98.46,2,4
36116.0,358.58,2,3
47905.0,32.48,2,1
47905.0,17499.95,4,2
47905.0,735.98,2,3
47905.0,34.37,2,1
47905.0,33.96,2,1
10009.0,197.97,0,3
10024.0,17.48,0,1
60610.0,8.016,2,1
92704.0,146.04,1,0
90640.0,27.88,1,0
91360.0,152.65,1,0
91360.0,22.72,1,1
8360.0,11.12,0,1
90503.0,1640.7,3,2
90503.0,371.2,1,3
45373.0,14.832,2,1
22153.0,20.7,0,1
22153.0,11.34,0,1
22153.0,67.9,0,4
22153.0,1059.12,0,3
92020.0,478.48,1,3
90036.0,32.04,1,0
85023.0,55.992,1,0
60423.0,76.864,2,4
90045.0,59.92,1,0
53132.0,1565.88,3,2
53132.0,106.05,2,4
72209.0,62.04,1,0
72209.0,494.97,1,3
72209.0,367.96,1,3
72209.0,44.96,1,0
72209.0,182.94,1,3
90008.0,28.14,1,0
90008.0,7.38,1,1
90008.0,10.9,1,1
90008.0,274.89,1,3
90008.0,23.04,1,1
90008.0,218.352,1,0
78207.0,10.368,1,1
90004.0,12.672,1,1
90004.0,91.96,1,0
90004.0,254.97,1,0
90004.0,31.984,1,0
90004.0,2887.056,3,2
90004.0,12.96,1,1
90004.0,47.52,1,0
60610.0,11.952,2,1
98105.0,4.98,1,1
77705.0,10.78,1,1
77705.0,119.976,1,0
23320.0,25.06,0,1
23320.0,1652.94,3,2
75217.0,131.376,1,0
75217.0,5.344,1,1
98105.0,2003.92,3,2
98105.0,32.4,1,0
98105.0,1913.4,3,2
98105.0,146.73,1,0
98105.0,114.2,1,0
55407.0,2567.84,3,2
45503.0,37.056,2,1
45503.0,259.896,2,3
90032.0,19.05,1,1
90032.0,73.344,1,0
31907.0,95.68,2,4
31907.0,50.96,2,4
31907.0,113.94,2,4
31907.0,25.92,2,1
31907.0,20.32,2,1
31907.0,411.98,2,3
31907.0,34.48,2,1
31907.0,244.55,2,3
44107.0,10.782,2,1
60540.0,602.651,2,3
60540.0,7.656,2,1
10009.0,559.93,0,3
92646.0,2399.96,3,2
60653.0,16.0,2,1
60653.0,5.588,2,1
60653.0,235.92,2,3
94513.0,10.68,1,1
48183.0,41.28,2,4
98103.0,1001.584,1,3
29406.0,14.76,0,1
43229.0,2.502,2,1
98103.0,115.96,1,0
94109.0,186.54,1,0
90049.0,159.56,1,0
33407.0,55.984,2,4
60623.0,132.16,2,3
60623.0,17.904,2,1
60623.0,124.032,2,4
95823.0,1403.92,3,2
98115.0,28.8,1,1
19143.0,24.588,0,1
93101.0,356.79,1,3
10011.0,16.98,0,1
36830.0,491.55,2,3
36830.0,7.38,2,1
10035.0,23.66,0,1
10035.0,681.408,0,3
90032.0,18.9,1,1
94109.0,93.68,1,0
94109.0,21.93,1,1
94109.0,862.344,1,3
94109.0,19.98,1,1
19140.0,13.494,0,1
19140.0,23.988,0,1
19140.0,31.984,0,1
19140.0,41.584,0,4
79907.0,95.976,1,0
60653.0,84.272,2,4
79907.0,36.544,1,0
98105.0,479.72,1,3
10009.0,102.368,0,4
10009.0,28.4,0,1
10009.0,713.88,0,3
10009.0,68.52,0,4
90032.0,623.96,1,3
19711.0,11.12,0,1
10011.0,523.92,0,3
95661.0,2.48,1,1
60505.0,221.024,2,3
60505.0,128.058,2,4
10011.0,58.408,0,4
10011.0,79.974,0,4
75217.0,479.988,1,3
90008.0,11.808,1,1
90008.0,53.568,1,0
90008.0,503.96,1,3
90004.0,21.34,1,1
31907.0,36.4,2,4
31907.0,51.75,2,4
94110.0,15.51,1,1
94110.0,146.82,1,0
94110.0,12.96,1,1
92503.0,7.8,1,1
29203.0,10.2,0,1
29203.0,22.32,0,1
29203.0,24.1,0,1
29203.0,75.98,0,4
29203.0,6.46,0,1
29203.0,60.12,0,4
10011.0,824.97,0,3
98632.0,24.85,1,1
85023.0,12.624,1,1
85023.0,89.584,1,0
85023.0,471.92,1,3
85023.0,18.18,1,1
77095.0,31.744,1,1
85234.0,5.904,1,1
85234.0,621.76,1,3
72401.0,59.98,1,0
30318.0,48.87,0,4
90036.0,154.9,1,0
10024.0,5.92,0,1
10024.0,30.18,0,1
48227.0,24.1,2,1
48227.0,8.78,2,1
48227.0,376.74,2,3
48227.0,29.52,2,1
48227.0,11.96,2,1
48227.0,26.4,2,1
33311.0,1158.12,2,2
79605.0,1.392,1,1
23666.0,44.43,0,4
23666.0,226.2,0,3
23666.0,186.54,0,3
23666.0,265.86,0,3
23666.0,27.9,0,1
89115.0,31.08,1,0
61107.0,13.84,2,1
61107.0,175.872,2,3
92677.0,12.96,1,1
40214.0,208.44,2,3
40214.0,25.76,2,1
61761.0,366.744,2,3
90045.0,289.24,1,3
90045.0,69.456,1,0
77642.0,5.184,1,1
10009.0,205.164,0,3
60623.0,8.544,2,1
45503.0,12.828,2,1
45503.0,598.458,2,3
45503.0,25.984,2,1
10035.0,17.96,0,1
10035.0,5.04,0,1
10035.0,208.16,0,3
93905.0,148.257,1,0
40475.0,146.76,2,4
40475.0,32.96,2,1
40475.0,587.97,2,3
40475.0,14.94,2,1
10035.0,25.83,0,1
80219.0,15.552,1,1
80219.0,6.8,1,1
80219.0,4.224,1,1
80219.0,143.64,1,0
80219.0,31.104,1,1
80219.0,223.056,1,0
10024.0,227.46,0,3
10024.0,46.24,0,4
10011.0,5.22,0,1
68025.0,33.9,1,1
10011.0,28.14,0,1
10011.0,36.0,0,4
10011.0,92.94,0,4
10011.0,245.646,0,3
10011.0,55.008,0,4
10011.0,35.232,0,4
92105.0,523.392,1,3
33801.0,479.984,2,3
30080.0,12.96,0,1
30080.0,17.94,0,1
10009.0,166.72,0,4
10009.0,24.816,0,1
10009.0,124.36,0,4
19134.0,599.97,0,3
19134.0,198.744,0,3
19134.0,9.184,0,1
75217.0,9.248,1,1
94521.0,99.592,1,0
94521.0,399.96,1,3
37211.0,15.552,2,1
80013.0,14.576,1,1
92804.0,209.6,1,0
92804.0,23.32,1,1
92804.0,30.98,1,0
92804.0,119.96,1,0
92804.0,363.92,1,3
92804.0,35.808,1,0
92804.0,122.688,1,0
92804.0,892.136,1,3
92804.0,50.22,1,0
92804.0,83.42,1,0
92804.0,5.872,1,1
84062.0,12.144,1,1
97477.0,27.792,1,1
97301.0,6.208,1,1
14609.0,32.67,0,1
90008.0,1261.33,1,2
90049.0,38.88,1,0
75081.0,1.964,1,1
75081.0,82.656,1,0
93727.0,5.98,1,1
60653.0,9.248,2,1
78501.0,4.448,1,1
78501.0,5.184,1,1
78501.0,175.92,1,0
78501.0,4.752,1,1
78501.0,13.344,1,1
98105.0,54.9,1,0
28205.0,22.911,0,1
28205.0,309.456,0,3
28205.0,19.456,0,1
28205.0,472.518,0,3
28205.0,1012.68,0,3
28205.0,17.22,0,1
94521.0,3.52,1,1
94521.0,1626.192,3,2
19013.0,8.595,0,1
19013.0,190.896,0,3
90004.0,99.87,1,0
89431.0,79.36,1,0
90032.0,119.96,1,0
42420.0,106.32,2,4
42420.0,163.44,2,4
42420.0,42.76,2,4
42420.0,51.55,2,4
62521.0,479.952,2,3
10009.0,146.688,0,4
10009.0,276.784,0,3
10009.0,25.32,0,1
10011.0,318.96,0,3
10009.0,212.64,0,3
85254.0,23.472,1,1
79109.0,19.648,1,1
19140.0,6.57,0,1
92704.0,421.1,1,3
43055.0,760.116,2,3
43055.0,38.784,2,4
43055.0,122.328,2,4
10035.0,25.98,0,1
10035.0,3.28,0,1
10035.0,459.88,0,3
10035.0,7.76,0,1
10035.0,71.96,0,4
10035.0,54.9,0,4
10035.0,9.28,0,1
89015.0,1685.88,3,2
89015.0,5.728,1,1
98103.0,61.96,1,0
98103.0,1.344,1,1
10009.0,17.94,0,1
98103.0,13.904,1,1
37167.0,67.194,2,4
98105.0,41.86,1,0
98105.0,141.96,1,0
10035.0,10.02,0,1
10035.0,144.12,0,4
30318.0,17.94,0,1
30318.0,13.89,0,1
19711.0,16.45,0,1
19711.0,19.92,0,1
37211.0,35.168,2,1
37211.0,123.088,2,4
47374.0,257.94,2,3
47374.0,1879.96,3,2
47374.0,27.46,2,1
47374.0,89.98,2,4
47374.0,828.6,2,3
33180.0,7.23,2,1
33180.0,17.44,2,1
33180.0,62.88,2,4
33180.0,290.352,2,3
63301.0,113.52,2,4
63301.0,135.3,2,3
23464.0,111.15,0,4
19140.0,776.85,0,3
19140.0,12.294,0,1
19140.0,154.764,0,4
19140.0,43.28,0,4
11561.0,92.94,0,4
11561.0,52.56,0,4
77070.0,971.88,1,3
35401.0,141.96,2,4
85204.0,182.55,1,0
28540.0,88.768,0,4
60610.0,53.088,2,4
31907.0,275.88,2,3
31907.0,157.9,2,4
7050.0,4.91,0,1
90032.0,87.92,1,0
90032.0,5.98,1,1
60623.0,222.384,2,3
60623.0,16.0,2,1
23223.0,21.84,0,1
23223.0,15.6,0,1
12180.0,247.84,0,3
12180.0,9.912,0,1
2908.0,69.52,0,4
94122.0,11.52,1,1
94122.0,717.72,1,3
94122.0,236.5,1,0
94122.0,170.352,1,0
10009.0,145.764,0,4
94109.0,107.97,1,0
77070.0,143.96,1,0
77070.0,2399.96,3,2
77070.0,74.352,1,0
77070.0,87.168,1,0
77070.0,32.232,1,1
19140.0,2.202,0,1
19140.0,9.396,0,1
21215.0,89.97,0,4
30605.0,12.78,0,1
43130.0,40.0,2,4
90032.0,23.24,1,1
21215.0,908.82,0,3
77095.0,5.552,1,1
77095.0,8.016,1,1
77095.0,74.592,1,0
77095.0,16.784,1,1
77095.0,38.864,1,0
92024.0,203.976,1,0
92024.0,674.352,1,3
33012.0,5.388,2,1
33012.0,30.976,2,1
30318.0,1350.12,3,2
30318.0,15.92,0,1
98103.0,19.54,1,1
90036.0,21.4,1,1
90036.0,12.6,1,1
10035.0,11.96,0,1
10035.0,138.0,0,4
33311.0,116.76,2,4
33311.0,331.023,2,3
14609.0,756.8,0,3
60174.0,8.736,2,1
10024.0,6.08,0,1
94109.0,17.46,1,1
94109.0,369.16,1,3
85023.0,2.912,1,1
85023.0,20.736,1,1
85023.0,9.568,1,1
98115.0,30.18,1,0
98115.0,51.648,1,0
98115.0,11.232,1,1
93010.0,14.73,1,1
48205.0,16.4,2,1
48205.0,25.92,2,1
94109.0,8.82,1,1
94109.0,62.496,1,0
94109.0,339.96,1,3
94109.0,49.568,1,0
19140.0,274.491,0,3
10035.0,137.94,0,4
60623.0,40.68,2,1
94122.0,110.376,1,0
94122.0,151.62,1,0
94122.0,30.8,1,0
19134.0,123.92,0,4
19134.0,1319.8,3,2
94122.0,89.712,1,0
94122.0,22.83,1,1
6824.0,30.88,0,1
6824.0,465.16,0,3
6824.0,27.12,0,1
10011.0,113.6,0,4
10011.0,12.96,0,1
10011.0,69.456,0,4
90049.0,8.64,1,1
19143.0,341.991,0,3
95123.0,43.96,1,0
95123.0,39.76,1,0
91104.0,66.36,1,0
91104.0,92.88,1,0
91104.0,24.14,1,1
19134.0,4416.174,3,2
90049.0,49.56,1,0
90032.0,354.9,1,3
43229.0,15.12,2,1
43229.0,302.45,2,3
43229.0,44.672,2,4
90008.0,119.98,1,0
90008.0,989.97,1,3
33021.0,9.216,2,1
48066.0,68.52,2,4
54880.0,364.74,2,3
54880.0,47.4,2,4
54880.0,49.76,2,4
54880.0,5.56,2,1
54880.0,629.1,2,3
54880.0,14.7,2,1
54880.0,45.36,2,4
54880.0,125.99,2,4
91360.0,14.7,1,1
19134.0,32.7,0,1
19134.0,31.68,0,1
22153.0,181.86,0,4
77095.0,155.372,1,0
38401.0,13.428,2,1
38401.0,67.136,2,4
28027.0,89.568,0,4
28027.0,315.776,0,3
95123.0,273.666,1,3
95123.0,17.48,1,1
27405.0,20.608,0,1
27405.0,4.095,0,1
59601.0,339.96,2,3
59601.0,63.98,2,4
33311.0,799.92,2,3
94110.0,35.984,1,0
94110.0,389.97,1,3
85364.0,185.528,1,0
21044.0,2541.98,3,2
85364.0,599.985,1,3
60653.0,3.036,2,1
44105.0,25.92,2,1
44105.0,66.112,2,4
94110.0,46.36,1,0
73120.0,6.9,1,1
73120.0,57.69,1,0
77095.0,559.71,1,3
94122.0,305.01,1,3
94122.0,50.784,1,0
94122.0,26.01,1,1
37211.0,649.0,2,3
90036.0,59.99,1,0
98006.0,20.24,1,1
77036.0,37.84,1,1
77036.0,5.472,1,1
19143.0,77.24,0,4
60016.0,292.1,2,3
60016.0,8.544,2,1
60016.0,424.116,2,3
60016.0,2.892,2,1
60016.0,381.72,2,3
33437.0,97.184,2,4
33437.0,10.368,2,1
75023.0,890.841,1,3
95123.0,72.0,1,0
95123.0,113.888,1,0
95123.0,158.13,1,0
10024.0,14.13,0,1
48227.0,64.75,2,4
33178.0,1.872,2,1
33178.0,11.214,2,1
33178.0,37.376,2,4
60068.0,286.4,2,3
10024.0,43.92,0,4
10011.0,142.182,0,4
97123.0,19.608,1,1
97123.0,4.158,1,1
10009.0,979.95,0,3
10009.0,135.3,0,4
60623.0,8.904,2,1
60623.0,100.8,2,4
10024.0,41.96,0,4
10024.0,9.45,0,1
99301.0,400.8,1,3
99301.0,28.792,1,1
91505.0,111.0,1,0
91505.0,1279.968,1,2
91505.0,1856.19,3,2
60623.0,22.752,2,1
17602.0,61.542,0,4
17602.0,81.438,0,4
33614.0,67.36,2,4
33614.0,54.528,2,4
10024.0,843.9,0,3
10024.0,449.568,0,3
90045.0,15.51,1,1
10035.0,192.186,0,3
10009.0,5.76,0,1
30318.0,67.88,0,4
30318.0,162.89,0,4
30318.0,25.71,0,1
10009.0,191.88,0,3
32216.0,721.875,2,3
32216.0,73.568,2,4
32216.0,13.584,2,1
32216.0,64.784,2,4
77095.0,176.772,1,0
53209.0,38.82,2,1
53209.0,21.9,2,1
95351.0,111.79,1,0
44107.0,445.44,2,3
19134.0,16.52,0,1
94109.0,29.9,1,0
48205.0,116.4,2,4
85023.0,1.408,1,1
85023.0,169.568,1,0
19143.0,251.964,0,3
19143.0,523.764,0,3
90036.0,19.44,1,1
90036.0,194.352,1,0
90036.0,36.624,1,0
19140.0,340.182,0,3
19140.0,12.672,0,1
19140.0,6.888,0,1
19140.0,32.544,0,1
19140.0,347.802,0,3
33180.0,15.57,2,1
27604.0,4.608,0,1
67846.0,257.98,1,3
90805.0,153.78,1,0
90805.0,61.02,1,0
90805.0,110.11,1,0
90805.0,7.89,1,1
92037.0,36.024,1,0
61701.0,54.336,2,4
98115.0,92.52,1,0
28314.0,10.272,0,1
68104.0,40.74,1,1
68104.0,14.4,1,1
68104.0,149.95,1,3
68104.0,16.9,1,1
68104.0,17.61,1,1
68104.0,378.0,1,3
68104.0,17.64,1,1
68104.0,373.08,1,3
68104.0,1336.44,3,2
68104.0,29.97,1,1
37421.0,390.368,2,3
37421.0,101.52,2,4
45014.0,74.352,2,4
90049.0,15.7,1,1
90049.0,59.52,1,0
90049.0,34.4,1,0
10024.0,313.176,0,3
10024.0,866.646,0,3
45014.0,795.408,2,3
60610.0,35.856,2,1
60610.0,23.84,2,1
98103.0,43.13,1,0
98103.0,30.87,1,0
10011.0,70.12,0,4
93010.0,509.9575,1,3
93010.0,122.91,1,0
93010.0,97.568,1,0
93010.0,722.352,1,3
60653.0,11.52,2,1
90032.0,167.84,1,0
43615.0,172.11,2,4
10011.0,99.98,0,4
97224.0,156.792,1,0
97224.0,35.36,1,0
97224.0,13.592,1,1
19134.0,386.68,0,3
19134.0,379.96,0,3
19134.0,539.91,0,3
19134.0,41.24,0,4
19134.0,51.897,0,4
19134.0,552.56,0,3
19134.0,23.16,0,1
19134.0,126.08,0,4
19134.0,449.1,0,3
19143.0,195.104,0,3
19143.0,36.672,0,4
77070.0,85.246,1,0
77070.0,32.712,1,1
39212.0,11.43,2,1
39212.0,30.44,2,1
39212.0,12.96,2,1
39212.0,16.0,2,1
39212.0,32.67,2,1
85023.0,4.464,1,1
85023.0,9.345,1,1
93030.0,9.144,1,1
93030.0,23.136,1,1
93030.0,99.2,1,0
98105.0,21.36,1,1
98042.0,46.9,1,0
90049.0,18.72,1,1
90049.0,236.528,1,0
92105.0,18.9,1,1
78521.0,10.688,1,1
78521.0,237.096,1,3
60610.0,5.184,2,1
60610.0,65.584,2,4
60610.0,22.2,2,1
60610.0,419.4,2,3
37918.0,88.92,2,4
77036.0,9.912,1,1
77036.0,318.43,1,3
77036.0,5.8,1,1
77036.0,1415.76,3,2
60440.0,148.48,2,3
60623.0,9.248,2,1
60623.0,1036.624,2,3
22980.0,569.64,0,3
22980.0,9.14,0,1
22980.0,1196.86,0,2
22980.0,523.26,0,3
90004.0,639.968,1,3
90004.0,52.76,1,0
98105.0,538.92,1,3
93277.0,14.88,1,1
93277.0,34.24,1,0
93277.0,261.74,1,3
90008.0,87.84,1,0
90045.0,34.92,1,0
10011.0,14.94,0,1
10011.0,14.56,0,1
19143.0,3.576,0,1
19143.0,147.184,0,4
84043.0,1499.95,3,2
60653.0,13.568,2,1
42420.0,2573.82,3,2
42420.0,609.98,2,3
42420.0,5.48,2,1
42420.0,391.98,2,3
42420.0,755.96,2,3
42420.0,31.12,2,1
42420.0,6.54,2,1
92646.0,12.78,1,1
10011.0,18.464,0,1
19140.0,445.802,0,3
58103.0,2.48,2,1
58103.0,25.9,2,1
3820.0,29.9,0,1
3820.0,2249.91,3,2
3820.0,1053.164,0,3
92105.0,12.96,1,1
90032.0,106.68,1,0
13501.0,119.94,0,4
77070.0,10.272,1,1
77070.0,512.19,1,3
77070.0,1.556,1,1
92683.0,4.448,1,1
92683.0,276.69,1,3
92683.0,4.96,1,1
92683.0,71.92,1,0
92683.0,18.84,1,1
92683.0,140.97,1,0
92683.0,470.376,1,3
90036.0,6.08,1,1
90036.0,164.792,1,0
8401.0,23.36,0,1
60076.0,12.176,2,1
94122.0,46.384,1,0
94122.0,362.92,1,3
43229.0,9.248,2,1
43229.0,1889.946,3,2
43229.0,62.04,2,4
43229.0,396.92,2,3
43229.0,239.456,2,3
43229.0,13.12,2,1
40475.0,29.36,2,1
40475.0,214.9,2,3
40475.0,15.92,2,1
40475.0,146.45,2,4
40475.0,15.14,2,1
40475.0,5.76,2,1
40475.0,1399.98,3,2
43130.0,8.952,2,1
43130.0,8.856,2,1
43130.0,85.246,2,4
97030.0,21.728,1,1
97030.0,1487.04,3,2
94109.0,71.88,1,0
94109.0,9.24,1,1
94109.0,35.88,1,0
94109.0,17.04,1,1
94109.0,931.176,1,3
80501.0,266.352,1,3
80501.0,483.136,1,3
27834.0,196.784,0,3
27834.0,231.92,0,3
90004.0,29.7,1,0
77041.0,13.592,1,1
94109.0,70.88,1,0
80219.0,114.288,1,0
80219.0,36.624,1,0
80219.0,242.352,1,3
80219.0,49.616,1,0
80219.0,508.704,1,3
80219.0,57.36,1,0
80219.0,906.68,1,3
77340.0,719.952,1,3
77340.0,755.944,1,3
77340.0,11.98,1,1
77340.0,0.898,1,1
77036.0,21.204,1,1
10024.0,34.74,0,4
10024.0,833.94,0,3
10024.0,12.96,0,1
10024.0,25.92,0,1
19134.0,349.965,0,3
19134.0,22.32,0,1
47201.0,158.28,2,4
47201.0,497.94,2,3
11561.0,533.94,0,3
11561.0,167.94,0,4
11561.0,31.68,0,1
17602.0,170.786,0,4
60610.0,198.744,2,3
80219.0,63.824,1,0
98103.0,435.168,1,3
98103.0,48.58,1,0
77070.0,47.976,1,0
77070.0,20.736,1,1
90045.0,26.46,1,1
90045.0,49.12,1,0
90045.0,15.0,1,1
23602.0,194.7,0,3
23602.0,591.32,0,3
23602.0,2.84,0,1
90036.0,221.96,1,0
90036.0,236.0,1,0
98115.0,41.94,1,0
98115.0,52.792,1,0
68104.0,563.94,1,3
7960.0,2625.12,3,2
7960.0,17.94,0,1
19143.0,422.856,0,3
10024.0,127.764,0,4
22153.0,3499.93,3,2
22153.0,14.4,0,1
22153.0,122.97,0,4
22153.0,9.32,0,1
22153.0,122.94,0,4
95661.0,17.31,1,1
61107.0,128.744,2,3
19134.0,58.248,0,4
19134.0,71.246,0,4
19134.0,7.872,0,1
19134.0,887.271,0,3
48234.0,146.86,2,4
48234.0,36.56,2,1
90004.0,225.576,1,0
97477.0,5.248,1,1
97477.0,38.256,1,0
97477.0,40.24,1,0
97477.0,29.925,1,0
97477.0,148.704,1,0
97477.0,55.92,1,0
2908.0,12.96,0,1
60623.0,25.176,2,1
60623.0,5.584,2,1
60623.0,1297.368,3,2
75220.0,264.32,1,3
94122.0,25.92,1,1
94122.0,22.96,1,1
92553.0,19.44,1,1
67846.0,9.54,1,1
67846.0,5.81,1,1
67846.0,5.76,1,1
10035.0,14.91,0,1
32839.0,6.642,2,1
13601.0,18.54,0,1
13601.0,679.96,0,3
90032.0,189.576,1,0
90032.0,71.96,1,0
90004.0,539.92,1,3
90004.0,725.344,1,3
90004.0,7.44,1,1
19711.0,39.48,0,4
48234.0,850.5,2,3
48234.0,75.33,2,4
85023.0,325.632,1,3
85023.0,23.344,1,1
85023.0,16.52,1,1
78521.0,335.72,1,3
78521.0,251.944,1,3
78521.0,127.302,1,0
40214.0,1207.84,3,2
40214.0,12.53,2,1
40214.0,34.58,2,1
40214.0,300.98,2,3
40214.0,258.75,2,3
19711.0,59.52,0,4
19711.0,57.96,0,4
19711.0,441.96,0,3
19711.0,68.04,0,4
81001.0,703.71,1,3
81001.0,17.904,1,1
81001.0,11.976,1,1
81001.0,67.96,1,0
90036.0,892.224,1,3
27834.0,1299.99,3,2
94110.0,4.544,1,1
94110.0,1352.032,3,2
43302.0,1548.99,3,2
43302.0,19.872,2,1
75081.0,119.448,1,0
75081.0,118.16,1,0
35810.0,19.56,2,1
89115.0,80.96,1,0
89115.0,25.92,1,1
90049.0,106.96,1,0
90049.0,187.76,1,0
44107.0,76.776,2,4
68025.0,53.9,1,3
77340.0,76.728,1,0
77340.0,10.43,1,1
90036.0,99.2,1,0
28806.0,15.92,0,1
71111.0,129.92,1,3
2908.0,30.4,0,1
2908.0,5399.91,3,2
2908.0,119.1,0,4
2149.0,40.08,0,4
2149.0,59.94,0,4
2149.0,259.98,0,3
2149.0,170.98,0,4
2149.0,38.97,0,4
2149.0,154.9,0,4
2149.0,446.068,0,3
91730.0,152.94,1,0
28205.0,23.472,0,1
2908.0,195.64,0,3
2908.0,14.94,0,1
2908.0,1687.8,3,2
2908.0,341.96,0,3
2908.0,605.88,0,3
48640.0,186.732,2,3
48640.0,3812.97,3,2
14609.0,26.424,0,1
14609.0,625.99,0,3
49201.0,1568.61,3,2
49201.0,17.3,2,1
49201.0,160.0,2,4
23434.0,179.94,0,4
23434.0,872.94,0,3
23434.0,12.96,0,1
94513.0,88.8,1,0
94513.0,319.968,1,3
98103.0,167.888,1,0
77036.0,163.96,1,0
77036.0,5.232,1,1
1841.0,1199.98,0,2
1841.0,73.85,0,4
1841.0,25.71,0,1
1841.0,17.28,0,1
1841.0,526.582,0,3
48234.0,11.56,2,1
48234.0,209.97,2,3
48234.0,447.84,2,3
48234.0,479.97,2,3
48234.0,8.64,2,1
84057.0,11.68,1,1
19120.0,40.776,0,4
19120.0,13.698,0,1
85204.0,87.8,1,0
28314.0,77.952,0,4
28314.0,147.184,0,4
28314.0,47.952,0,4
90032.0,250.26,1,0
19140.0,40.776,0,4
80906.0,29.6,1,1
80906.0,1.938,1,1
90032.0,159.96,1,0
10009.0,59.52,0,4
10009.0,17.48,0,1
10009.0,13.168,0,1
94109.0,40.74,1,0
78745.0,179.886,1,0
44105.0,286.256,2,3
44105.0,24.224,2,1
44105.0,331.536,2,3
10009.0,17.52,0,1
79907.0,17.856,1,1
32303.0,431.976,2,3
98103.0,291.136,1,3
75220.0,114.848,1,0
77070.0,10.688,1,1
45503.0,15.232,2,1
98103.0,12.42,1,1
98105.0,19.44,1,1
10024.0,70.368,0,4
28205.0,12.672,0,1
21215.0,89.95,0,4
94110.0,6.58,1,1
94110.0,94.99,1,0
85705.0,35.12,1,0
90036.0,25.92,1,1
6708.0,7.96,0,1
6708.0,566.97,0,3
6708.0,9.84,0,1
60610.0,25.488,2,1
11561.0,7.56,0,1
22204.0,60.84,0,4
22204.0,450.04,0,3
22204.0,34.6,0,4
22204.0,467.97,0,3
22204.0,33.02,0,1
28540.0,17.088,0,1
43229.0,3.008,2,1
28205.0,268.24,0,3
28205.0,431.16,0,3
14215.0,43.6,0,4
14215.0,154.95,0,4
77041.0,15.552,1,1
38109.0,42.208,2,4
75023.0,10.368,1,1
97301.0,2.224,1,1
31907.0,74.52,2,4
21044.0,17.52,0,1
21044.0,1779.9,3,2
21044.0,219.9,0,3
97206.0,7.152,1,1
32303.0,26.72,2,1
92503.0,1039.728,1,3
92503.0,45.96,1,0
43130.0,456.588,2,3
43130.0,4499.985,3,2
43130.0,59.976,2,4
94109.0,6.12,1,1
92553.0,10.98,1,1
92553.0,7.86,1,1
92553.0,51.45,1,0
92553.0,37.056,1,0
23320.0,203.92,0,3
23320.0,29.56,0,1
60623.0,8.568,2,1
28205.0,45.248,0,4
28205.0,876.3,0,3
28205.0,185.376,0,4
10009.0,25.06,0,1
60653.0,2.89,2,1
60653.0,7.896,2,1
60653.0,22.608,2,1
60653.0,30.528,2,1
19120.0,4.842,0,1
60623.0,1.8,2,1
75217.0,39.984,1,1
89115.0,32.4,1,0
89115.0,97.88,1,0
79109.0,307.168,1,3
6457.0,26.9,0,1
10035.0,47.01,0,4
10035.0,469.99,0,3
10035.0,207.846,0,3
19120.0,324.744,0,3
93727.0,40.48,1,0
37064.0,12.0,2,1
37064.0,720.064,2,3
37064.0,25.424,2,1
37064.0,2.816,2,1
37064.0,3.204,2,1
27604.0,30.828,0,1
27604.0,47.616,0,4
27604.0,108.784,0,4
20735.0,4.77,0,1
20735.0,7.98,0,1
20735.0,550.431,0,3
20735.0,10.56,0,1
90049.0,1497.666,3,2
90049.0,17.52,1,1
89031.0,113.22,1,0
89031.0,35.88,1,0
89031.0,4535.976,3,2
94109.0,11.84,1,1
2920.0,592.74,0,3
38301.0,111.672,2,4
19711.0,8.64,0,1
19711.0,149.97,0,4
90036.0,232.88,1,0
13440.0,90.882,0,4
60610.0,508.768,2,3
60610.0,9.912,2,1
92105.0,63.936,1,0
92105.0,59.52,1,0
92105.0,311.976,1,3
92105.0,50.352,1,0
77036.0,19.136,1,1
33407.0,13.12,2,1
90045.0,241.568,1,0
90045.0,479.92,1,3
98103.0,307.136,1,3
98103.0,12.6,1,1
98103.0,159.98,1,0
50315.0,6.12,2,1
50315.0,1184.72,3,2
10024.0,45.96,0,4
22204.0,58.05,0,4
22204.0,71.28,0,4
78577.0,124.404,1,0
22204.0,154.9,0,4
22204.0,1871.88,3,2
77070.0,16.192,1,1
75061.0,18.936,1,1
75061.0,12.672,1,1
75061.0,5.04,1,1
60653.0,8.448,2,1
60653.0,20.388,2,1
90049.0,9.96,1,1
39401.0,320.64,2,3
39401.0,52.0,2,4
10024.0,25.584,0,1
10024.0,464.0,0,3
10024.0,235.95,0,3
10024.0,39.96,0,4
44221.0,18.528,2,1
98103.0,17.9,1,1
98103.0,81.96,1,0
85204.0,272.736,1,3
85204.0,18.496,1,1
85204.0,441.92,1,3
85204.0,127.764,1,0
84106.0,166.44,1,0
90045.0,13.38,1,1
28540.0,24.0,0,1
44107.0,24.448,2,1
92630.0,6.16,1,1
92630.0,915.136,1,3
92630.0,8.56,1,1
92630.0,97.82,1,0
97206.0,31.104,1,0
97206.0,11.176,1,1
28205.0,5.04,0,1
60505.0,242.176,2,3
19140.0,337.176,0,3
80229.0,13.344,1,1
80229.0,76.752,1,0
80229.0,102.336,1,0
80229.0,10.32,1,1
80229.0,47.32,1,0
80229.0,23.376,1,1
80229.0,16.72,1,1
80229.0,16.192,1,1
95616.0,32.4,1,0
72701.0,19.89,1,1
72701.0,399.98,1,3
72701.0,343.85,1,3
72701.0,106.32,1,0
10011.0,13.92,0,1
26003.0,82.4,0,4
26003.0,6.24,0,1
26003.0,447.84,0,3
38109.0,272.048,2,3
38109.0,1614.582,3,2
38109.0,24.32,2,1
38109.0,1.584,2,1
38109.0,31.984,2,1
38109.0,14.76,2,1
38109.0,423.648,2,3
77036.0,76.64,1,0
75217.0,4.464,1,1
75217.0,3.96,1,1
94122.0,715.64,1,3
95037.0,268.704,1,3
95037.0,21.92,1,1
95037.0,48.72,1,0
95037.0,205.666,1,0
60174.0,30.344,2,1
44105.0,25.696,2,1
10024.0,3404.5,3,2
10024.0,101.34,0,4
19140.0,344.372,0,3
75043.0,30.384,1,1
92024.0,22.848,1,1
6708.0,38.62,0,4
6708.0,59.98,0,4
21044.0,174.3,0,4
33021.0,383.96,2,3
33021.0,15.57,2,1
22153.0,22.32,0,1
22153.0,103.6,0,4
10035.0,2.97,0,1
10035.0,569.99,0,3
10035.0,50.97,0,4
75217.0,298.116,1,3
10024.0,59.52,0,4
97206.0,230.28,1,0
97206.0,105.52,1,0
94513.0,23.36,1,1
94513.0,71.976,1,0
94513.0,8.56,1,1
94513.0,13.92,1,1
94513.0,2518.29,3,2
94513.0,540.57,1,3
94513.0,221.056,1,0
92037.0,81.424,1,0
92037.0,134.8,1,0
75081.0,39.582,1,1
75081.0,44.688,1,0
75081.0,31.744,1,1
75081.0,40.98,1,0
75081.0,3.168,1,1
79907.0,18.84,1,1
79907.0,362.25,1,3
79907.0,63.552,1,0
79907.0,129.552,1,0
10035.0,5.984,0,1
10035.0,861.76,0,3
2151.0,66.96,0,4
2151.0,6.24,0,1
95928.0,435.168,1,3
95928.0,14.9,1,1
95928.0,15.8,1,1
95928.0,72.9,1,0
95928.0,206.352,1,0
95928.0,7.992,1,1
33023.0,81.36,2,4
33023.0,20.232,2,1
33023.0,389.056,2,3
33023.0,20.736,2,1
33023.0,41.472,2,4
90049.0,33.36,1,0
80219.0,90.882,1,0
80219.0,15.992,1,1
80219.0,120.784,1,0
19134.0,519.792,0,3
19134.0,31.176,0,1
19134.0,10.368,0,1
19134.0,2.724,0,1
19134.0,254.352,0,3
19134.0,3.762,0,1
19134.0,10.272,0,1
39212.0,659.97,2,3
39212.0,113.73,2,4
90045.0,5.104,1,1
77095.0,16.448,1,1
7011.0,81.92,0,4
7011.0,254.9,0,3
60623.0,15.12,2,1
60623.0,7.872,2,1
98115.0,8.32,1,1
11561.0,89.95,0,4
53081.0,25.2,2,1
53081.0,37.59,2,1
53081.0,14.97,2,1
53081.0,1.98,2,1
33433.0,39.936,2,4
33433.0,18.464,2,1
80013.0,4.896,1,1
80013.0,145.764,1,0
80013.0,9.612,1,1
92037.0,199.75,1,0
92037.0,1673.184,3,2
98105.0,12.18,1,1
98105.0,57.68,1,0
52001.0,263.96,2,3
90032.0,299.94,1,3
90032.0,25.76,1,1
1852.0,271.9,0,3
1852.0,45.84,0,4
1852.0,9.82,0,1
98270.0,93.36,1,0
73120.0,541.24,1,3
73120.0,106.32,1,0
73120.0,1323.9,3,2
19134.0,126.624,0,4
80013.0,125.944,1,0
10009.0,663.92,0,3
10009.0,120.0,0,4
10009.0,3.29,0,1
10009.0,18.84,0,1
43130.0,60.672,2,4
43130.0,30.816,2,1
95351.0,52.792,1,0
63116.0,83.9,2,4
63116.0,11.76,2,1
75217.0,4.992,1,1
75217.0,87.92,1,0
75217.0,657.93,1,3
75217.0,1.044,1,1
10035.0,210.68,0,3
10035.0,78.8,0,4
10035.0,19.99,0,1
10035.0,772.68,0,3
78207.0,106.08,1,0
79109.0,23.076,1,1
79109.0,25.92,1,1
77041.0,47.952,1,0
77041.0,0.984,1,1
77041.0,75.384,1,0
77041.0,4.608,1,1
1841.0,37.68,0,4
31907.0,41.91,2,4
90032.0,435.999,1,3
98115.0,388.704,1,3
98115.0,572.58,1,3
98115.0,33.18,1,0
2138.0,63.88,0,4
2138.0,26.72,0,1
84106.0,295.056,1,3
10035.0,393.25,0,3
44221.0,2.214,2,1
28403.0,16.272,0,1
10035.0,706.86,0,3
19140.0,5.97,0,1
19140.0,21.184,0,1
19140.0,41.376,0,4
10009.0,17.94,0,1
19134.0,2.655,0,1
90049.0,892.35,1,3
90049.0,307.666,1,3
90049.0,728.82,1,3
90049.0,41.36,1,0
90049.0,43.176,1,0
90049.0,4.16,1,1
11561.0,61.4,0,4
11561.0,24.448,0,1
14609.0,263.96,0,3
14609.0,359.97,0,3
14609.0,12.96,0,1
14609.0,116.82,0,4
14609.0,276.784,0,3
94109.0,239.97,1,0
94109.0,16.02,1,1
77340.0,454.56,1,3
77340.0,141.42,1,0
77340.0,310.744,1,3
77340.0,12.736,1,1
77340.0,6.47,1,1
77340.0,13.748,1,1
77340.0,15.224,1,1
30344.0,27.42,0,1
30344.0,165.98,0,4
30344.0,75.0,0,4
10009.0,134.272,0,4
97477.0,146.544,1,0
97477.0,131.904,1,0
97477.0,203.88,1,0
97477.0,14.301,1,1
97477.0,718.64,1,3
22204.0,61.1,0,4
28403.0,28.08,0,1
85364.0,10.496,1,1
92404.0,39.92,1,0
21215.0,77.58,0,4
98103.0,269.36,1,3
94110.0,5.76,1,1
10035.0,109.9,0,4
98115.0,23.88,1,1
98115.0,26.2,1,1
98115.0,12.96,1,1
98115.0,234.95,1,0
87105.0,118.25,1,0
87105.0,4.28,1,1
90045.0,26.85,1,0
90045.0,3357.6,3,2
90045.0,8.26,1,1
90045.0,2973.32,3,2
90045.0,104.79,1,0
90045.0,775.728,1,3
77041.0,89.0664,1,0
77041.0,175.44,1,0
77041.0,438.336,1,3
19140.0,215.544,0,3
60623.0,55.584,2,4
60623.0,127.386,2,4
76903.0,248.43,1,3
76903.0,11.648,1,1
76903.0,85.246,1,0
77506.0,20.64,1,1
90049.0,148.02,1,0
67846.0,33.29,1,1
90045.0,204.95,1,0
60653.0,526.344,2,3
94110.0,41.96,1,0
94110.0,451.152,1,3
94110.0,31.504,1,0
19134.0,30.672,0,1
19134.0,1079.976,0,3
95351.0,161.568,1,0
77070.0,2.934,1,1
77070.0,18.528,1,1
77070.0,670.752,1,3
60610.0,64.96,2,4
92503.0,41.94,1,0
92503.0,11.96,1,1
92503.0,13.12,1,1
92503.0,535.41,1,3
75081.0,72.78,1,0
90008.0,36.84,1,0
90008.0,87.71,1,0
33801.0,562.2925,2,3
10035.0,56.52,0,4
19140.0,11.264,0,1
19140.0,284.08,0,3
19140.0,18.496,0,1
92037.0,14.73,1,1
92037.0,186.54,1,0
92037.0,557.728,1,3
92037.0,159.968,1,0
73505.0,471.9,1,3
73505.0,3.52,1,1
24153.0,49.12,0,4
92704.0,20.16,1,1
57701.0,10.68,2,1
57701.0,141.96,2,4
98115.0,32.48,1,0
98115.0,20.04,1,1
98115.0,13999.96,4,2
6457.0,238.0,0,3
6457.0,61.96,0,4
21215.0,239.372,0,3
92105.0,595.0,1,3
79762.0,16.032,1,1
6460.0,199.75,0,3
7109.0,227.96,0,3
10035.0,293.52,0,3
10035.0,307.98,0,3
92105.0,96.96,1,0
92105.0,117.488,1,0
92105.0,11.952,1,1
92105.0,512.499,1,3
94122.0,863.128,1,3
98105.0,2036.86,3,2
98105.0,449.568,1,3
98105.0,108.96,1,0
39212.0,264.18,2,3
90049.0,2.88,1,1
90049.0,41.904,1,0
90049.0,23.92,1,1
60623.0,156.512,2,3
10035.0,128.34,0,4
90008.0,474.95,1,3
98198.0,999.98,1,3
97477.0,277.5,1,3
19120.0,1252.704,0,2
19120.0,110.97,0,4
60653.0,22.608,2,1
60653.0,1.892,2,1
60623.0,63.312,2,4
60623.0,7.824,2,1
60623.0,170.072,2,3
10024.0,62.82,0,4
20852.0,19.44,0,1
20852.0,7.38,0,1
10011.0,38.88,0,4
10011.0,187.76,0,3
27707.0,6.048,0,1
27707.0,98.352,0,4
27707.0,335.744,0,3
93101.0,8.96,1,1
37918.0,89.568,2,4
37918.0,71.96,2,4
37918.0,15.552,2,1
60610.0,10.43,2,1
60610.0,72.784,2,4
10024.0,67.15,0,4
10024.0,549.98,0,3
10024.0,11.82,0,1
10024.0,4643.8,3,2
10024.0,577.764,0,3
32114.0,191.5155,2,3
32114.0,2.624,2,1
37211.0,1369.764,3,2
37211.0,294.368,2,3
37211.0,81.568,2,4
75220.0,44.46,1,0
75220.0,314.088,1,3
37130.0,6.336,2,1
37130.0,10.48,2,1
37130.0,2.469,2,1
37130.0,3.264,2,1
75217.0,4.344,1,1
75217.0,31.776,1,1
75217.0,4.928,1,1
75217.0,1.788,1,1
75217.0,15.072,1,1
76017.0,12.624,1,1
91104.0,185.88,1,0
91104.0,12.96,1,1
2149.0,189.7,0,3
2149.0,40.99,0,4
12180.0,82.64,0,4
12180.0,31.02,0,1
12180.0,89.97,0,4
30328.0,35.97,0,4
30328.0,1266.86,3,2
95123.0,169.45,1,0
95123.0,40.68,1,0
32216.0,3.328,2,1
32216.0,933.262,2,3
32216.0,2803.92,3,2
32216.0,4.768,2,1
32216.0,6.672,2,1
32216.0,4.448,2,1
32216.0,43.936,2,4
10009.0,23.744,0,1
10009.0,357.0,0,3
94122.0,806.336,1,3
94122.0,85.44,1,0
31907.0,344.91,2,3
60505.0,70.97,2,4
60505.0,36.784,2,1
19134.0,743.988,0,3
60653.0,11.212,2,1
60653.0,4.712,2,1
60653.0,180.98,2,3
60653.0,60.416,2,4
98103.0,299.99,1,3
98103.0,192.16,1,0
98103.0,242.624,1,0
98103.0,46.74,1,0
98103.0,174.95,1,0
98103.0,100.704,1,0
48066.0,368.91,2,3
48066.0,8.02,2,1
48066.0,171.04,2,3
72701.0,19.44,1,1
28540.0,13.092,0,1
10035.0,122.94,0,4
10035.0,35.448,0,4
19901.0,19.98,0,1
60505.0,69.375,2,4
60505.0,31.68,2,1
60505.0,2003.168,3,2
60505.0,9.344,2,1
10009.0,2563.056,3,2
92020.0,387.136,1,3
45503.0,3.424,2,1
10550.0,1085.42,0,3
44107.0,43.056,2,4
33614.0,3.762,2,1
33614.0,34.86,2,1
33614.0,432.456,2,3
31907.0,675.06,2,3
28540.0,65.232,0,4
28540.0,207.0,0,3
60174.0,600.53,2,3
60174.0,59.904,2,4
60174.0,637.44,2,3
60174.0,51.756,2,4
33180.0,31.104,2,1
33180.0,47.96,2,4
33180.0,158.928,2,4
33180.0,211.248,2,3
33180.0,5.552,2,1
33180.0,2.952,2,1
45373.0,10.332,2,1
98103.0,18.368,1,1
10011.0,299.9,0,3
22204.0,26.55,0,1
22204.0,111.98,0,4
28205.0,4.928,0,1
28205.0,11.784,0,1
95661.0,7.98,1,1
48234.0,180.96,2,3
90036.0,1649.95,3,2
90036.0,362.352,1,3
94110.0,73.584,1,0
93309.0,486.368,1,3
74133.0,32.4,1,1
74133.0,41.86,1,1
74133.0,77.56,1,0
94122.0,37.17,1,0
77036.0,137.352,1,0
77036.0,376.509,1,3
31907.0,62.72,2,4
31907.0,2939.93,3,2
77573.0,512.358,1,3
77573.0,3.488,1,1
77573.0,22.288,1,1
77573.0,16.032,1,1
27217.0,1.752,0,1
27217.0,20.992,0,1
10009.0,11.21,0,1
75220.0,45.04,1,0
77095.0,15.624,1,1
11561.0,8.74,0,1
11561.0,44.75,0,4
33012.0,61.68,2,4
33012.0,158.376,2,4
60505.0,2.864,2,1
60505.0,94.192,2,4
7109.0,143.7,0,4
7109.0,6.48,0,1
10024.0,7.88,0,1
1810.0,11.21,0,1
1810.0,354.9,0,3
1810.0,17.94,0,1
1810.0,51.8,0,4
19711.0,299.52,0,3
22204.0,7.7,0,1
35601.0,23.92,2,1
35601.0,498.0,2,3
92345.0,436.704,1,3
23320.0,32.4,0,1
90036.0,61.44,1,0
35810.0,73.36,2,4
37918.0,59.2,2,4
37918.0,32.952,2,1
37918.0,218.376,2,3
1841.0,31.4,0,1
1841.0,9.48,0,1
1841.0,209.5,0,3
1841.0,24.3,0,1
1841.0,6.48,0,1
19134.0,32.448,0,1
19134.0,26.388,0,1
19134.0,373.47,0,3
19134.0,64.2,0,4
19134.0,8.0,0,1
30605.0,186.54,0,3
59405.0,87.08,2,4
59405.0,105.584,2,4
59405.0,217.44,2,3
79907.0,31.744,1,1
79907.0,5.432,1,1
79907.0,913.43,1,3
79907.0,372.144,1,3
34741.0,751.984,2,3
98105.0,604.768,1,3
95051.0,27.36,1,0
95051.0,20.56,1,1
95051.0,83.92,1,0
90049.0,902.712,1,3
93727.0,120.666,1,0
76106.0,4.984,1,1
98105.0,82.26,1,0
94110.0,29.74,1,0
94110.0,87.36,1,0
94110.0,56.16,1,0
33068.0,64.384,2,4
77095.0,64.784,1,0
77095.0,15.552,1,1
77095.0,223.888,1,3
60653.0,10.896,2,1
94109.0,84.784,1,0
77036.0,241.5,1,3
6484.0,59.97,0,4
6484.0,13.36,0,1
94601.0,11.808,1,1
6040.0,16.24,0,1
6040.0,77.55,0,4
7050.0,76.12,0,4
44312.0,17.184,2,1
90032.0,11.76,1,1
6810.0,27.46,0,1
2038.0,137.94,0,4
2038.0,111.15,0,4
2038.0,901.95,0,3
2038.0,366.009,0,3
28403.0,310.688,0,3
77095.0,7.68,1,1
45503.0,155.372,2,4
85301.0,10.744,1,1
10009.0,232.4,0,3
10009.0,164.646,0,4
10009.0,22.68,0,1
90036.0,105.52,1,0
19711.0,83.92,0,4
19711.0,141.9,0,4
19711.0,39.98,0,4
19711.0,28.91,0,1
19711.0,174.95,0,4
92404.0,110.528,1,0
27217.0,630.024,0,3
24153.0,27.86,0,1
75217.0,933.408,1,3
76017.0,51.84,1,0
76017.0,165.6,1,0
52302.0,106.32,2,4
98105.0,147.92,1,0
98105.0,104.28,1,0
98105.0,286.85,1,3
98105.0,66.96,1,0
98105.0,199.98,1,0
8701.0,45.0,0,4
8701.0,17.9,0,1
8701.0,40.48,0,4
8701.0,2154.9,3,2
45231.0,18.432,2,1
80229.0,10.944,1,1
48066.0,4.36,2,1
85281.0,62.352,1,0
19601.0,303.92,0,3
55124.0,129.3,2,4
21215.0,274.2,0,3
78415.0,6.048,1,1
78415.0,6.848,1,1
78415.0,9.96,1,1
78415.0,8.552,1,1
89115.0,45.584,1,0
44105.0,25.488,2,1
98105.0,136.96,1,0
60623.0,49.616,2,4
43229.0,10.584,2,1
85705.0,84.416,1,0
19120.0,431.94,0,3
19120.0,2.043,0,1
19120.0,68.238,0,4
2920.0,240.744,0,3
2920.0,35.0,0,4
2920.0,210.68,0,3
2920.0,637.896,0,3
2920.0,43.44,0,4
2920.0,2.22,0,1
94122.0,1679.96,3,2
77070.0,344.372,1,3
77070.0,1554.936,3,2
77070.0,127.88,1,0
90049.0,222.384,1,0
60653.0,106.869,2,4
60653.0,3.564,2,1
77070.0,25.68,1,1
77070.0,12.384,1,1
6010.0,25.3,0,1
6010.0,95.94,0,4
49423.0,7.5,2,1
87105.0,302.376,1,3
80027.0,46.688,1,0
10024.0,17.94,0,1
6360.0,370.14,0,3
94122.0,8.928,1,1
46060.0,2678.94,3,2
37042.0,387.136,2,3
37042.0,45.408,2,4
37042.0,77.952,2,4
37042.0,3.0,2,1
33021.0,9.952,2,1
17403.0,37.896,0,4
17403.0,65.584,0,4
85204.0,44.784,1,0
10024.0,1035.8,0,3
94110.0,5.76,1,1
90036.0,19.98,1,1
68104.0,35.98,1,1
19120.0,16.656,0,1
10024.0,20.7,0,1
49505.0,83.7,2,4
98115.0,199.8,1,0
93727.0,45.68,1,0
93727.0,110.96,1,0
93727.0,11.94,1,1
22204.0,8749.95,4,2
22204.0,36.4,0,4
22204.0,18.69,0,1
90049.0,5.94,1,1
79424.0,60.736,1,0
79424.0,479.976,1,3
79424.0,6.08,1,1
80501.0,165.6,1,0
10701.0,59.52,0,4
10701.0,479.97,0,3
10701.0,18.62,0,1
10701.0,49.632,0,4
10701.0,97.82,0,4
90045.0,15.984,1,1
90045.0,184.752,1,0
90049.0,12.96,1,1
79109.0,366.744,1,3
75217.0,8.856,1,1
75217.0,27.96,1,1
75217.0,146.352,1,0
48205.0,175.23,2,3
48205.0,125.99,2,4
48205.0,23.0,2,1
10035.0,25.584,0,1
77041.0,73.784,1,0
32839.0,20.736,2,1
41042.0,17.52,2,1
41042.0,35.76,2,1
10009.0,3.64,0,1
75034.0,30.336,1,1
7501.0,12.99,0,1
7501.0,182.22,0,3
7501.0,302.94,0,3
43229.0,54.992,2,4
53209.0,12.99,2,1
94109.0,55.86,1,0
43229.0,44.376,2,4
43229.0,51.264,2,4
43229.0,5.193,2,1
43229.0,159.984,2,4
43229.0,54.224,2,4
90008.0,241.424,1,0
48227.0,33.36,2,1
48227.0,13.76,2,1
48227.0,496.86,2,3
48227.0,389.97,2,3
31907.0,9.82,2,1
94122.0,56.4,1,0
19143.0,18.312,0,1
19143.0,25.92,0,1
19143.0,8.016,0,1
90008.0,479.984,1,3
90008.0,30.84,1,0
19140.0,33.568,0,4
19140.0,422.625,0,3
10035.0,199.98,0,3
31907.0,20.24,2,1
31907.0,39.92,2,4
31907.0,32.54,2,1
90049.0,39.0,1,0
90049.0,12.6,1,1
80013.0,24.64,1,1
77041.0,6.264,1,1
77041.0,14.432,1,1
60623.0,719.976,2,3
35601.0,239.92,2,3
22153.0,1056.86,0,3
33317.0,447.944,2,3
33317.0,150.408,2,4
77041.0,453.576,1,3
77041.0,45.36,1,0
77041.0,287.88,1,3
77041.0,131.88,1,0
77041.0,2.328,1,1
53209.0,1454.9,3,2
32771.0,4.842,2,1
32771.0,220.704,2,3
75056.0,67.176,1,0
75056.0,15.232,1,1
45373.0,31.104,2,1
11550.0,968.744,0,3
11550.0,222.352,0,3
11550.0,479.984,0,3
75081.0,10.272,1,1
77041.0,998.85,1,3
10035.0,24.56,0,1
94110.0,5.67,1,1
34952.0,14.336,2,1
3301.0,102.3,0,4
55901.0,607.52,2,3
55901.0,31.16,2,1
40214.0,2.61,2,1
78666.0,10.332,1,1
78666.0,10.368,1,1
78666.0,20.784,1,1
78666.0,66.96,1,0
92025.0,17.248,1,1
19134.0,11.088,0,1
90049.0,1287.45,3,2
90049.0,168.1,1,0
19140.0,51.968,0,4
19120.0,4.768,0,1
11550.0,7.98,0,1
80634.0,18.688,1,1
80634.0,11.664,1,1
32216.0,191.976,2,3
32216.0,499.168,2,3
22204.0,11.88,0,1
22204.0,35.44,0,4
94122.0,67.136,1,0
93727.0,4.32,1,1
93727.0,14.94,1,1
93727.0,40.54,1,0
93727.0,7.312,1,1
89502.0,475.944,1,3
78207.0,30.08,1,1
78207.0,165.6,1,0
78207.0,180.96,1,0
2740.0,23.18,0,1
10035.0,56.96,0,4
10035.0,15.56,0,1
10035.0,353.568,0,3
10035.0,13.96,0,1
93030.0,82.95,1,0
90036.0,39.68,1,0
94601.0,479.97,1,3
98026.0,7.38,1,1
98026.0,14.256,1,1
98026.0,81.98,1,0
98026.0,39.624,1,0
90004.0,399.672,1,3
10024.0,65.12,0,4
75217.0,30.56,1,1
37064.0,20.768,2,1
85023.0,39.808,1,0
33178.0,121.104,2,4
33178.0,111.96,2,4
80906.0,15.696,1,1
10011.0,70.26,0,4
10011.0,90.0,0,4
10011.0,6.096,0,1
10011.0,481.176,0,3
10011.0,7.24,0,1
18018.0,177.45,0,4
18018.0,1369.764,3,2
18018.0,9.48,0,1
19140.0,130.98,0,4
40214.0,174.95,2,4
40214.0,826.0,2,3
98105.0,139.58,1,0
53142.0,399.95,2,3
42420.0,12.39,2,1
75217.0,760.98,1,3
85345.0,67.86,1,0
28540.0,31.504,0,1
28540.0,5.04,0,1
28540.0,39.879,0,4
28540.0,4.712,0,1
90032.0,194.352,1,0
37211.0,97.424,2,4
28205.0,704.76,0,3
28205.0,27.396,0,1
98103.0,5.7,1,1
98103.0,14.19,1,1
98103.0,7.3,1,1
98103.0,199.98,1,0
98103.0,144.96,1,0
98103.0,118.0,1,0
98103.0,48.94,1,0
98103.0,22.66,1,1
60623.0,0.836,2,1
45231.0,30.96,2,1
33311.0,723.92,2,3
77041.0,21.968,1,1
77041.0,619.152,1,3
77041.0,127.904,1,0
90712.0,94.2,1,0
94122.0,49.5,1,0
19140.0,16.52,0,1
98115.0,55.36,1,0
98115.0,11.56,1,1
90036.0,17.12,1,1
44105.0,182.352,2,3
44105.0,118.16,2,4
62521.0,18.368,2,1
62521.0,600.558,2,3
62521.0,50.352,2,4
62521.0,28.032,2,1
62521.0,7.692,2,1
76063.0,517.405,1,3
77070.0,8.608,1,1
77070.0,159.56,1,0
23223.0,2104.55,3,2
23223.0,40.7,0,4
22204.0,47.79,0,4
94122.0,5.16,1,1
92024.0,21.21,1,1
13601.0,96.36,0,4
90036.0,231.72,1,0
90036.0,17.9,1,1
90036.0,12.48,1,1
19140.0,8.016,0,1
44312.0,259.896,2,3
44312.0,247.188,2,3
44312.0,279.96,2,3
94110.0,450.0,1,3
49505.0,19.44,2,1
94109.0,300.904,1,3
37211.0,239.976,2,3
37211.0,31.168,2,1
37211.0,120.96,2,4
37211.0,2239.936,3,2
37211.0,76.608,2,4
37211.0,142.776,2,4
37211.0,91.36,2,4
19120.0,3.552,0,1
77041.0,115.136,1,0
89502.0,4.71,1,1
10009.0,172.764,0,4
10009.0,3.52,0,1
90008.0,79.968,1,0
90008.0,305.9745,1,3
90008.0,344.91,1,3
92037.0,626.352,1,3
94110.0,359.499,1,3
92105.0,71.952,1,0
92105.0,29.8,1,0
44035.0,1.824,2,1
77070.0,64.384,1,0
77070.0,6.984,1,1
77070.0,11.264,1,1
77070.0,15.552,1,1
77070.0,379.372,1,3
77070.0,67.536,1,0
77070.0,1.524,1,1
33178.0,37.408,2,4
33178.0,25.344,2,1
98115.0,46.2,1,0
37130.0,4.728,2,1
37130.0,53.352,2,4
37130.0,131.104,2,4
37130.0,22.512,2,1
37130.0,72.744,2,4
63116.0,52.59,2,4
98105.0,19.44,1,1
98105.0,126.3,1,0
98105.0,1287.45,1,2
10024.0,64.96,0,4
55125.0,535.41,2,3
37421.0,8.1,2,1
19140.0,13.248,0,1
19140.0,83.988,0,4
70506.0,73.2,1,0
46226.0,10.74,2,1
97123.0,11.032,1,1
97123.0,53.04,1,0
2138.0,17.12,0,1
2138.0,59.94,0,4
92105.0,210.58,1,0
92105.0,30.96,1,0
92105.0,239.984,1,0
10009.0,3050.376,3,2
10009.0,133.98,0,4
32303.0,93.248,2,4
32303.0,177.48,2,4
43615.0,17.712,2,1
43615.0,4.86,2,1
43615.0,6.258,2,1
21044.0,37.68,0,4
21044.0,51.84,0,4
21044.0,27.42,0,1
21044.0,5.4,0,1
30318.0,1270.99,3,2
30318.0,125.36,0,4
95823.0,14.03,1,1
95823.0,27.96,1,0
76106.0,5.344,1,1
76106.0,1.696,1,1
76106.0,24.588,1,1
76106.0,7.98,1,1
43229.0,288.0,2,3
80027.0,146.952,1,0
80027.0,83.136,1,0
27604.0,942.784,0,3
27604.0,74.352,0,4
10024.0,26.88,0,1
10024.0,10.896,0,1
60623.0,3.536,2,1
77340.0,528.43,1,3
77340.0,41.472,1,0
10024.0,287.976,0,3
97301.0,29.304,1,0
77070.0,55.328,1,0
77070.0,1227.9984,3,2
83301.0,20.416,1,1
83301.0,1128.39,1,3
37918.0,4.608,2,1
85023.0,195.96,1,0
85023.0,15.552,1,1
85023.0,271.968,1,3
28110.0,698.352,0,3
28110.0,77.728,0,4
23223.0,46.62,0,4
77041.0,537.544,1,3
90008.0,14.62,1,1
90008.0,22.55,1,1
90008.0,583.8,1,3
90008.0,211.168,1,0
84057.0,12.96,1,1
84057.0,45.98,1,0
58103.0,1294.75,3,2
19134.0,1799.97,3,2
60623.0,10.688,2,1
73120.0,221.98,1,3
73120.0,341.96,1,3
10035.0,34.77,0,4
10035.0,18.9,0,1
84106.0,102.72,1,0
13501.0,40.48,0,4
19134.0,33.282,0,4
19134.0,118.65,0,4
19134.0,14.76,0,1
90004.0,37.52,1,0
49201.0,207.144,2,3
49201.0,13.9,2,1
85301.0,266.352,1,3
19805.0,307.98,0,3
19805.0,44.1,0,4
19805.0,13.12,0,1
19805.0,16.56,0,1
19805.0,38.88,0,4
78745.0,335.52,1,3
32839.0,959.984,2,3
32839.0,4.086,2,1
32839.0,55.984,2,4
32839.0,10.688,2,1
19601.0,8.856,0,1
19134.0,6.912,0,1
77095.0,26.72,1,1
77095.0,33.488,1,1
63301.0,10.56,2,1
46203.0,386.34,2,3
98115.0,33.44,1,0
22801.0,39.96,0,4
14609.0,1217.568,0,2
30328.0,15.51,0,1
30328.0,89.9,0,4
30328.0,14.28,0,1
30328.0,12.72,0,1
30328.0,15.75,0,1
90004.0,70.95,1,0
90004.0,65.568,1,0
90004.0,299.97,1,3
94110.0,89.97,1,0
94110.0,31.86,1,0
55407.0,67.15,2,4
43229.0,7.236,2,1
43229.0,4.824,2,1
43229.0,91.36,2,4
43229.0,130.112,2,4
27604.0,74.24,0,4
27604.0,159.84,0,4
27604.0,2.892,0,1
27604.0,9.392,0,1
10011.0,123.92,0,4
19143.0,55.6,0,4
19143.0,617.976,0,3
83642.0,21.312,1,1
95823.0,209.94,1,0
95823.0,31.984,1,0
95823.0,5083.96,3,2
28205.0,35.96,0,4
7501.0,31.05,0,1
7501.0,8.92,0,1
7501.0,209.6,0,3
7501.0,111.04,0,4
7501.0,38.88,0,4
22204.0,36.27,0,4
60653.0,493.43,2,3
60653.0,11.12,2,1
92037.0,686.4,1,3
98105.0,15.92,1,1
98105.0,70.68,1,0
98105.0,541.24,1,3
43229.0,101.994,2,4
43229.0,18.264,2,1
77095.0,21.99,1,1
75061.0,185.376,1,0
75061.0,58.924,1,0
7960.0,480.0,0,3
7960.0,34.05,0,4
90008.0,192.72,1,0
90008.0,239.97,1,0
60505.0,50.12,2,4
27707.0,15.984,0,1
27707.0,14.352,0,1
43229.0,6.528,2,1
43229.0,2.862,2,1
43229.0,20.856,2,1
90036.0,276.28,1,3
95207.0,629.64,1,3
65203.0,449.97,2,3
65203.0,1927.59,3,2
31907.0,121.78,2,4
92037.0,2676.672,3,2
77590.0,489.23,1,3
90004.0,312.03,1,3
90004.0,17.94,1,1
90004.0,165.6,1,0
90004.0,37.52,1,0
22153.0,494.97,0,3
22153.0,25.06,0,1
62521.0,32.064,2,1
62521.0,18.496,2,1
62521.0,191.079,2,3
62521.0,10.368,2,1
10009.0,30.53,0,1
10009.0,30.84,0,1
10009.0,75.06,0,4
94110.0,66.976,1,0
92553.0,182.72,1,0
2149.0,21.93,0,1
37421.0,95.976,2,4
37421.0,143.928,2,4
37421.0,3.564,2,1
37421.0,4.928,2,1
78745.0,856.656,1,3
78745.0,13.184,1,1
78745.0,48.784,1,0
78745.0,76.64,1,0
78745.0,18.528,1,1
23464.0,177.68,0,4
14701.0,159.98,0,4
33134.0,52.68,2,4
33134.0,11.568,2,1
28601.0,4.572,0,1
61107.0,1439.968,3,2
61107.0,1.728,2,1
61107.0,626.1,2,3
98103.0,99.2,1,0
77340.0,609.98,1,3
77340.0,211.372,1,3
77340.0,239.976,1,3
53209.0,99.95,2,4
53209.0,29.34,2,1
54302.0,16.74,2,1
19120.0,12.672,0,1
19120.0,1119.888,0,2
90008.0,204.85,1,0
90008.0,135.984,1,0
90008.0,16.4,1,1
90008.0,92.96,1,0
33161.0,7.632,2,1
97206.0,4.158,1,1
97206.0,179.991,1,0
60505.0,239.358,2,3
94109.0,164.88,1,0
94110.0,10.95,1,1
2740.0,19.44,0,1
2740.0,12.3,0,1
92037.0,13.97,1,1
38301.0,934.956,2,3
38301.0,46.864,2,4
38301.0,26.16,2,1
38301.0,23.128,2,1
38301.0,59.24,2,4
32216.0,155.456,2,4
92024.0,8.56,1,1
33012.0,21.0,2,1
33012.0,120.0,2,4
77070.0,299.96,1,3
77070.0,67.84,1,0
77070.0,853.93,1,3
77070.0,18.688,1,1
23464.0,273.96,0,3
23464.0,89.97,0,4
23464.0,756.8,0,3
77070.0,1.248,1,1
19120.0,72.0,0,4
19120.0,470.155,0,3
38109.0,39.128,2,4
44107.0,19.728,2,1
44107.0,151.188,2,4
10011.0,271.764,0,3
19120.0,47.496,0,4
90008.0,344.981,1,3
75220.0,36.288,1,1
75220.0,78.304,1,0
75220.0,127.785,1,0
75220.0,6.104,1,1
7050.0,5.76,0,1
75220.0,1.72,1,1
60441.0,8.952,2,1
60623.0,2.334,2,1
60623.0,1.728,2,1
60623.0,159.04,2,3
60623.0,145.98,2,3
28540.0,77.952,0,4
28540.0,95.97,0,4
28540.0,105.584,0,4
28540.0,9.344,0,1
65807.0,9.68,2,1
65807.0,4899.93,3,2
94110.0,104.75,1,0
38401.0,18.528,2,1
38401.0,1875.258,3,2
33021.0,91.36,2,4
33021.0,152.24,2,4
75081.0,35.184,1,1
77041.0,56.704,1,0
77041.0,274.064,1,3
19140.0,458.43,0,3
85023.0,8.226,1,1
30328.0,5.95,0,1
30328.0,15.24,0,1
99207.0,239.94,1,0
99207.0,23.84,1,1
53209.0,92.52,2,4
53209.0,37.76,2,1
53209.0,7.38,2,1
53209.0,5.82,2,1
45014.0,3.816,2,1
35810.0,26.16,2,1
77036.0,100.8,1,0
10011.0,135.8,0,4
90008.0,13.9,1,1
90008.0,19.4,1,1
88220.0,13.488,1,1
88220.0,11.416,1,1
83201.0,17.64,1,1
83201.0,17.04,1,1
22153.0,99.98,0,4
22153.0,29.46,0,1
43615.0,166.92,2,4
80525.0,98.328,1,0
10024.0,117.882,0,4
10035.0,20.97,0,1
10035.0,139.96,0,4
10035.0,37.74,0,4
1752.0,14.82,0,1
1752.0,191.82,0,3
10801.0,13.904,0,1
98103.0,314.6,1,3
98103.0,283.56,1,3
48227.0,487.96,2,3
72701.0,1793.98,3,2
62301.0,2.992,2,1
62301.0,108.768,2,4
10035.0,25.92,0,1
10035.0,22.58,0,1
77095.0,55.176,1,0
48205.0,9892.74,4,2
85224.0,73.915,1,0
33021.0,337.088,2,3
90049.0,61.44,1,0
94122.0,479.97,1,3
94086.0,5.984,1,1
94086.0,189.95,1,0
94086.0,149.95,1,0
94086.0,29.95,1,0
94086.0,44.4,1,0
10011.0,66.03,0,4
90004.0,10.86,1,1
94122.0,3.36,1,1
94122.0,27.936,1,0
94122.0,28.784,1,0
92704.0,21.96,1,1
98103.0,21.98,1,1
10011.0,2621.322,3,2
90045.0,74.76,1,0
90045.0,364.776,1,3
98103.0,1115.17,1,3
92024.0,89.696,1,0
92024.0,50.12,1,0
10035.0,36.48,0,4
60653.0,322.192,2,3
60653.0,2.946,2,1
60653.0,19.136,2,1
22801.0,23.08,0,1
20852.0,90.48,0,4
98198.0,215.976,1,0
98198.0,65.94,1,0
19134.0,11.352,0,1
47201.0,24.56,2,1
65807.0,16.56,2,1
65807.0,279.95,2,3
42420.0,828.84,2,3
44107.0,7.218,2,1
44107.0,27.2,2,1
68104.0,89.97,1,3
42420.0,318.08,2,3
42420.0,5.8,2,1
92704.0,143.952,1,0
92704.0,19.44,1,1
22153.0,5.56,0,1
23434.0,146.73,0,4
23434.0,29.9,0,1
90049.0,276.784,1,3
77041.0,93.032,1,0
77041.0,454.965,1,3
27511.0,246.168,0,3
45503.0,295.4,2,3
40214.0,348.56,2,3
45373.0,15.552,2,1
45373.0,482.94,2,3
48227.0,299.98,2,3
48227.0,403.68,2,3
48227.0,41.9,2,4
48227.0,28.91,2,1
47401.0,32.4,2,1
75081.0,369.544,1,3
75081.0,10.368,1,1
75081.0,791.88,1,3
77041.0,23.64,1,1
77041.0,84.784,1,0
77041.0,64.96,1,0
77041.0,32.06,1,1
77041.0,177.648,1,0
77041.0,287.91,1,3
76117.0,22.368,1,1
76117.0,32.368,1,1
76117.0,207.984,1,3
23223.0,36.4,0,4
23223.0,22.96,0,1
23223.0,315.2,0,3
23223.0,15.18,0,1
90049.0,623.96,1,3
19140.0,429.6,0,3
19140.0,31.968,0,1
19140.0,887.271,0,3
19140.0,21.696,0,1
90036.0,22.05,1,1
90036.0,99.9,1,0
90032.0,90.86,1,0
94109.0,7.78,1,1
19120.0,78.759,0,4
77070.0,9.552,1,1
77070.0,5.344,1,1
88001.0,8.28,1,1
77070.0,50.136,1,0
97756.0,88.074,1,0
44105.0,301.47,2,3
44105.0,18.656,2,1
20707.0,27.46,0,1
20707.0,125.13,0,4
92037.0,555.96,1,3
27893.0,129.552,0,4
27893.0,51.984,0,4
27893.0,10.272,0,1
33710.0,18.336,2,1
33710.0,180.96,2,4
60089.0,475.944,2,3
90049.0,159.98,1,0
10011.0,43.6,0,4
89115.0,8.288,1,1
89115.0,1123.128,1,3
89115.0,64.9,1,0
60540.0,2.808,2,1
58103.0,99.98,2,4
58103.0,8.04,2,1
58103.0,1564.29,3,2
48234.0,138.56,2,4
48234.0,65.52,2,4
85323.0,14.576,1,1
85323.0,23.2,1,1
85323.0,16.464,1,1
19140.0,19.312,0,1
89115.0,40.08,1,0
4401.0,101.96,0,4
4401.0,259.74,0,3
4401.0,255.42,0,3
37075.0,4.338,2,1
37075.0,11.88,2,1
54703.0,405.86,2,3
54703.0,680.01,2,3
60610.0,2.376,2,1
60610.0,143.128,2,3
92037.0,4476.8,3,2
92037.0,104.85,1,0
92037.0,241.44,1,0
39212.0,319.76,2,3
39212.0,45.68,2,4
93030.0,31.96,1,0
93030.0,47.9,1,0
93030.0,1112.94,1,3
93030.0,22.92,1,1
98031.0,71.976,1,0
98031.0,19.44,1,1
37211.0,31.086,2,1
10035.0,13.98,0,1
10035.0,23.65,0,1
92683.0,707.88,1,3
92683.0,11.952,1,1
92683.0,31.128,1,0
92683.0,55.76,1,0
92683.0,24.56,1,1
92683.0,51.75,1,0
92683.0,207.184,1,0
92683.0,1473.1,3,2
18103.0,3.488,0,1
18103.0,21.728,0,1
18103.0,663.072,0,3
18103.0,99.588,0,4
18103.0,49.568,0,4
78207.0,29.372,1,1
78207.0,344.704,1,3
85323.0,47.992,1,0
85323.0,102.24,1,0
95123.0,39.96,1,0
95123.0,1432.0,3,2
95123.0,41.04,1,0
95123.0,256.784,1,0
8861.0,120.98,0,4
8861.0,315.98,0,3
10011.0,28.752,0,1
10011.0,114.95,0,4
90004.0,23.04,1,1
6460.0,15.48,0,1
6460.0,51.84,0,4
61701.0,39.816,2,1
98105.0,16.06,1,1
52601.0,7.28,2,1
52601.0,5.4,2,1
95661.0,19.44,1,1
94110.0,39.88,1,0
94110.0,79.44,1,0
19120.0,20.664,0,1
90049.0,32.4,1,0
79762.0,13.762,1,1
55407.0,15.28,2,1
19120.0,44.688,0,4
19120.0,301.47,0,3
70506.0,11.07,1,1
70506.0,1504.52,3,2
70506.0,25.92,1,1
77803.0,7.536,1,1
77803.0,1.408,1,1
77803.0,4.144,1,1
77803.0,52.752,1,0
90008.0,381.36,1,3
90049.0,6.72,1,1
90045.0,15.192,1,1
90045.0,58.32,1,0
85023.0,946.764,1,3
90036.0,94.68,1,0
90036.0,23.67,1,1
90036.0,1091.168,1,3
90036.0,18.69,1,1
90036.0,568.728,1,3
90036.0,7.312,1,1
43229.0,147.568,2,4
32303.0,56.784,2,4
32303.0,5.607,2,1
32303.0,6.576,2,1
94122.0,14.304,1,1
94122.0,119.833,1,0
94122.0,5.56,1,1
94122.0,32.4,1,0
94109.0,9.84,1,1
94109.0,2.78,1,1
10009.0,3.64,0,1
10009.0,881.93,0,3
52302.0,115.84,2,4
90008.0,107.648,1,0
71603.0,199.95,1,3
71603.0,12.96,1,1
65203.0,60.89,2,4
65203.0,14.94,2,1
65203.0,9.64,2,1
65203.0,332.94,2,3
65203.0,51.9,2,3
65203.0,64.96,2,4
57401.0,25.5,2,1
98103.0,215.976,1,0
48227.0,389.97,2,3
48227.0,269.91,2,3
38109.0,11.673,2,1
38109.0,64.848,2,4
89031.0,14.56,1,1
11520.0,102.582,0,4
11520.0,20.04,0,1
10035.0,32.088,0,1
10035.0,4305.552,3,2
10024.0,10.02,0,1
10024.0,631.96,0,3
42420.0,1577.94,3,2
87105.0,255.85,1,0
33445.0,184.704,2,3
33445.0,47.92,2,4
19140.0,15.936,0,1
19140.0,8.001,0,1
19140.0,398.972,0,3
98105.0,163.88,1,0
23223.0,67.9,0,4
33407.0,72.224,2,4
80525.0,11.696,1,1
53132.0,392.94,2,3
28110.0,18.176,0,1
75081.0,6.888,1,1
75081.0,457.485,1,3
19134.0,1079.316,0,3
94109.0,48.91,1,0
19901.0,9.84,0,1
19901.0,34.5,0,4
76706.0,0.556,1,1
21740.0,43.8,0,4
44105.0,13.872,2,1
44105.0,115.96,2,4
78501.0,41.424,1,0
78501.0,244.768,1,3
78501.0,74.352,1,0
78501.0,4.312,1,1
78501.0,56.686,1,0
78501.0,97.968,1,0
78501.0,7.872,1,1
78501.0,15.552,1,1
78501.0,1.476,1,1
87505.0,8.4,1,1
94110.0,6.56,1,1
94110.0,14.88,1,1
94110.0,45.48,1,0
94110.0,25.44,1,1
10024.0,146.688,0,4
75220.0,4.928,1,1
75220.0,63.488,1,0
48234.0,418.32,2,3
48234.0,123.858,2,4
19140.0,118.782,0,4
19140.0,769.184,0,3
75007.0,47.904,1,0
10009.0,13.36,0,1
10009.0,163.764,0,4
10009.0,183.92,0,3
77041.0,11.376,1,1
77041.0,66.112,1,0
90036.0,211.04,1,0
90036.0,594.816,1,3
90036.0,72.96,1,0
98026.0,80.96,1,0
98026.0,455.712,1,3
98026.0,25.98,1,1
94110.0,45.28,1,0
10035.0,15.56,0,1
97477.0,859.2,1,3
40324.0,195.68,2,3
40324.0,14.2,2,1
33065.0,314.352,2,3
33065.0,4.608,2,1
94110.0,17.9,1,1
94110.0,2.992,1,1
94110.0,20.064,1,1
94110.0,146.73,1,0
94110.0,18.75,1,1
94110.0,117.576,1,0
92503.0,51.184,1,0
45373.0,455.97,2,3
45373.0,5.715,2,1
45373.0,57.594,2,4
45373.0,30.144,2,1
45373.0,899.43,2,3
92553.0,842.72,1,3
92553.0,41.96,1,0
98115.0,13.216,1,1
98115.0,184.752,1,0
60623.0,520.464,2,3
60623.0,11.424,2,1
49201.0,19.44,2,1
49201.0,3.64,2,1
49201.0,18.54,2,1
10024.0,43.12,0,4
10024.0,313.722,0,3
10024.0,45.98,0,4
10024.0,428.68,0,3
98105.0,30.576,1,0
98105.0,13.02,1,1
98105.0,22.14,1,1
98105.0,359.32,1,3
63301.0,11.56,2,1
11561.0,68.48,0,4
11561.0,1676.88,3,2
8701.0,37.94,0,4
20735.0,272.97,0,3
43229.0,41.568,2,4
43229.0,317.058,2,3
43229.0,8.04,2,1
91104.0,419.944,1,3
98105.0,61.38,1,0
90045.0,50.0,1,0
7017.0,31.8,0,1
54703.0,32.56,2,1
60610.0,7.072,2,1
33614.0,45.528,2,4
33614.0,64.784,2,4
33614.0,424.272,2,3
33614.0,1.344,2,1
33614.0,83.92,2,4
10009.0,25.92,0,1
85204.0,120.576,1,0
58103.0,79.92,2,4
58103.0,12.28,2,1
58103.0,542.94,2,3
58103.0,2.04,2,1
77070.0,228.92,1,3
60505.0,7.992,2,1
80219.0,582.336,1,3
10011.0,629.95,0,3
10011.0,631.782,0,3
10011.0,801.568,0,3
10011.0,75.18,0,4
10011.0,30.98,0,1
10011.0,1349.91,3,2
60004.0,14.112,2,1
23602.0,31.12,0,1
85705.0,4.272,1,1
10024.0,209.148,0,3
10024.0,1591.02,3,2
19134.0,7.92,0,1
60653.0,574.91,2,3
60653.0,8.448,2,1
10035.0,1071.0,0,3
10035.0,12.07,0,1
19143.0,3.273,0,1
19143.0,87.92,0,4
85301.0,104.696,1,0
90036.0,2803.92,3,2
77041.0,6.816,1,1
98115.0,249.584,1,0
98115.0,17.94,1,1
98115.0,10.11,1,1
28314.0,10.368,0,1
28314.0,11.952,0,1
77041.0,15.224,1,1
77041.0,21.984,1,1
94122.0,604.752,1,3
94122.0,40.7,1,0
94122.0,302.376,1,3
94122.0,45.0,1,0
10035.0,3785.292,3,2
98105.0,35.4,1,0
14215.0,199.9,0,3
77340.0,1212.96,3,2
75081.0,1099.96,1,3
75081.0,103.481,1,0
19134.0,5.904,0,1
85345.0,30.08,1,0
85345.0,36.288,1,0
85345.0,10.272,1,1
85345.0,252.8,1,3
19143.0,2.946,0,1
92054.0,12.96,1,1
19134.0,285.576,0,3
60623.0,22.24,2,1
10035.0,14.62,0,1
44240.0,48.36,2,4
32216.0,16.256,2,1
32216.0,219.184,2,3
75019.0,95.84,1,0
46203.0,12.39,2,1
46226.0,35.88,2,1
74133.0,477.3,1,3
98052.0,12.32,1,1
94109.0,8.608,1,1
99207.0,136.26,1,0
90032.0,186.15,1,0
90032.0,81.792,1,0
90032.0,47.19,1,0
90032.0,36.784,1,0
37421.0,91.475,2,4
27405.0,27.192,0,1
27405.0,12.06,0,1
94122.0,144.6,1,0
94122.0,15.992,1,1
10024.0,34.44,0,4
90712.0,321.552,1,3
40214.0,701.96,2,3
43229.0,19.456,2,1
19711.0,17.28,0,1
98115.0,31.96,1,0
10024.0,164.688,0,4
10024.0,166.5,0,4
10024.0,12.96,0,1
10024.0,110.96,0,4
10024.0,99.98,0,4
10024.0,11.424,0,1
10024.0,128.124,0,4
10024.0,101.4,0,4
60653.0,5.904,2,1
60653.0,173.488,2,3
60653.0,51.56,2,4
60653.0,3.564,2,1
60543.0,13.16,2,1
60543.0,3.828,2,1
60543.0,304.99,2,3
75220.0,18.16,1,1
19134.0,319.984,0,3
90008.0,19.68,1,1
77036.0,781.864,1,3
77036.0,30.816,1,1
26003.0,673.344,0,3
7501.0,6.54,0,1
97206.0,572.8,1,3
35810.0,197.05,2,3
94110.0,2022.272,3,2
94110.0,9.12,1,1
73120.0,38.16,1,1
74012.0,1592.85,3,2
74012.0,11.88,1,1
92691.0,120.0,1,0
92691.0,8.67,1,1
46142.0,4.41,2,1
46142.0,167.94,2,4
46142.0,67.8,2,4
53209.0,26.94,2,1
94109.0,32.04,1,0
13440.0,32.13,0,1
13440.0,2.88,0,1
10009.0,1091.93,0,2
10009.0,111.96,0,4
48127.0,26.7,2,1
48127.0,40.2,2,1
48127.0,13.89,2,1
48127.0,689.82,2,3
10024.0,38.34,0,4
60623.0,9.264,2,1
75217.0,204.6664,1,3
54915.0,1649.75,3,2
32216.0,91.056,2,4
60653.0,54.208,2,4
43402.0,26.982,2,1
43402.0,6.912,2,1
43402.0,435.504,2,3
94110.0,81.08,1,0
90049.0,93.02,1,0
60623.0,323.976,2,3
60623.0,15.552,2,1
60623.0,32.592,2,1
98115.0,83.92,1,0
98115.0,199.9,1,0
98115.0,31.176,1,0
98115.0,172.752,1,0
98115.0,9.296,1,1
77705.0,12.768,1,1
98103.0,52.76,1,0
75217.0,55.616,1,0
10011.0,427.644,0,3
10011.0,40.67,0,4
10011.0,33.48,0,4
10011.0,9.728,0,1
60610.0,8.856,2,1
94110.0,477.666,1,3
2908.0,16.9,0,1
2908.0,39.96,0,4
85023.0,191.968,1,0
77095.0,35.52,1,1
77095.0,6.23,1,1
77095.0,56.704,1,0
77095.0,369.1992,1,3
47201.0,1.98,2,1
47201.0,75.88,2,4
19134.0,6.848,0,1
19134.0,4.626,0,1
19134.0,453.6,0,3
95123.0,13.848,1,1
19140.0,577.584,0,3
22153.0,151.96,0,4
80020.0,68.432,1,0
43229.0,71.12,2,4
43229.0,3.008,2,1
3301.0,184.66,0,3
77095.0,5.312,1,1
43055.0,132.52,2,4
43055.0,195.64,2,3
43055.0,51.968,2,4
43055.0,431.976,2,3
43055.0,224.937,2,3
43055.0,6.0,2,1
90045.0,11.76,1,1
33614.0,1125.488,2,2
33614.0,12.645,2,1
33614.0,4.032,2,1
68025.0,79.96,1,3
43229.0,6.732,2,1
43229.0,33.568,2,1
43229.0,15.84,2,1
43229.0,24.424,2,1
43229.0,17.12,2,1
91767.0,31.56,1,0
78207.0,105.686,1,0
78207.0,399.54,1,3
78207.0,104.93,1,0
10035.0,1079.85,0,3
10035.0,70.98,0,4
10035.0,29.95,0,1
10035.0,589.41,0,3
19120.0,9.648,0,1
10024.0,400.784,0,3
48234.0,53.72,2,4
33142.0,31.008,2,1
94521.0,61.12,1,0
60653.0,195.136,2,3
60090.0,121.536,2,4
60610.0,17.472,2,1
60610.0,104.58,2,4
77506.0,24.7,1,1
77506.0,302.72,1,3
10024.0,8.56,0,1
10024.0,11.56,0,1
95123.0,25.86,1,1
95123.0,276.784,1,3
95123.0,110.352,1,0
95823.0,60.84,1,0
97477.0,35.208,1,0
76063.0,41.472,1,0
72401.0,239.5,1,3
23464.0,34.2,0,4
14609.0,376.866,0,3
23320.0,197.72,0,3
43130.0,70.72,2,4
43130.0,194.352,2,3
10024.0,21.6,0,1
10024.0,11.07,0,1
90045.0,282.84,1,3
90045.0,27.72,1,0
39212.0,11.68,2,1
95695.0,239.984,1,0
98115.0,22.98,1,1
98115.0,102.13,1,0
98115.0,2033.584,3,2
90049.0,5.76,1,1
43402.0,899.982,2,3
43402.0,86.352,2,4
43402.0,139.96,2,4
43130.0,16.704,2,1
43130.0,3.152,2,1
43130.0,32.896,2,1
75220.0,21.392,1,1
75220.0,307.314,1,3
75220.0,409.9992,1,3
79424.0,9.248,1,1
48227.0,14.67,2,1
43055.0,37.408,2,1
43055.0,3.438,2,1
10011.0,7.152,0,1
10011.0,179.7,0,4
55407.0,90.64,2,4
2149.0,177.0,0,3
2149.0,79.45,0,4
2149.0,1628.82,3,2
98105.0,137.54,1,0
98105.0,730.2,1,3
90032.0,11.56,1,1
28027.0,4297.644,3,2
98103.0,20.65,1,1
98103.0,204.9,1,0
98103.0,436.704,1,3
98103.0,481.568,1,3
85301.0,89.544,1,0
85301.0,35.168,1,0
85301.0,72.588,1,0
55433.0,221.16,2,3
55433.0,281.97,2,3
90045.0,3406.664,3,2
90045.0,37.17,1,0
90045.0,64.96,1,0
90045.0,595.38,1,3
85705.0,95.984,1,0
85705.0,4.938,1,1
10035.0,97.44,0,4
10035.0,3.984,0,1
10035.0,13.04,0,1
10035.0,579.528,0,3
91767.0,18.75,1,1
93101.0,3023.928,3,2
93101.0,26.96,1,0
93101.0,477.6,1,3
94109.0,193.95,1,0
92503.0,12.96,1,1
90049.0,119.94,1,0
90049.0,12.42,1,1
92672.0,18.088,1,1
92672.0,71.97,1,0
35601.0,14.94,2,1
27405.0,64.68,0,4
94568.0,22.0,1,1
19143.0,7.968,0,1
19143.0,1499.97,3,2
77095.0,26.632,1,1
93309.0,41.6,1,0
47374.0,64.02,2,4
10009.0,6.99,0,1
10009.0,6.84,0,1
94122.0,323.1,1,3
94122.0,668.16,1,3
94122.0,8.64,1,1
94122.0,38.88,1,0
94122.0,201.04,1,0
94122.0,12.96,1,1
90032.0,16.59,1,1
92037.0,35.1,1,0
76017.0,11.646,1,1
23223.0,32.4,0,1
23223.0,503.96,0,3
10035.0,7.04,0,1
77041.0,613.9992,1,3
6824.0,470.36,0,3
94110.0,31.08,1,0
94110.0,7.3,1,1
45503.0,73.536,2,4
48234.0,491.55,2,3
19140.0,30.336,0,1
90301.0,22.83,1,1
90301.0,54.32,1,0
90301.0,196.776,1,0
93405.0,3.62,1,1
19805.0,11.54,0,1
19805.0,849.95,0,3
19805.0,11.01,0,1
94122.0,39.624,1,0
90045.0,242.136,1,0
90045.0,12.39,1,1
90045.0,19.96,1,1
90045.0,340.92,1,3
19143.0,273.568,0,3
19143.0,13.194,0,1
19143.0,1080.096,0,3
19143.0,51.56,0,4
19143.0,58.416,0,4
94122.0,57.584,1,0
19134.0,37.312,0,4
77041.0,79.96,1,0
77041.0,223.96,1,3
17602.0,221.024,0,3
54302.0,18.96,2,1
10024.0,326.646,0,3
10024.0,89.97,0,4
10011.0,296.712,0,3
61701.0,12.224,2,1
83704.0,89.97,1,0
1852.0,286.86,0,3
1852.0,979.95,0,3
1852.0,4.36,0,1
98115.0,10.048,1,1
98115.0,807.75,1,3
90049.0,34.24,1,0
23666.0,500.24,0,3
23666.0,20.12,0,1
23666.0,896.99,0,3
19134.0,5.88,0,1
68104.0,269.98,1,3
90032.0,310.12,1,3
90032.0,70.464,1,0
90032.0,19.68,1,1
90032.0,140.67,1,0
58103.0,4404.9,3,2
92037.0,62.65,1,0
19711.0,9.45,0,1
60505.0,268.576,2,3
90008.0,364.08,1,3
90008.0,71.088,1,0
60653.0,10.984,2,1
60653.0,797.944,2,3
3820.0,159.98,0,4
60610.0,5.344,2,1
60610.0,27.72,2,1
98115.0,2.496,1,1
23223.0,8.26,0,1
23223.0,17.76,0,1
23223.0,332.94,0,3
23223.0,292.1,0,3
23223.0,206.1,0,3
23223.0,17.64,0,1
94109.0,1403.92,3,2
72762.0,4.3,1,1
98103.0,239.97,1,0
98103.0,81.96,1,0
98103.0,238.62,1,0
90036.0,139.8,1,0
6457.0,9.84,0,1
6457.0,7.78,0,1
49505.0,54.9,2,4
94122.0,50.04,1,0
33012.0,339.92,2,3
33012.0,10.528,2,1
33012.0,42.384,2,4
19143.0,123.92,0,4
30318.0,135.95,0,4
78207.0,2177.584,3,2
78207.0,17.496,1,1
78207.0,16.784,1,1
78207.0,431.136,1,3
78207.0,8.88,1,1
78207.0,4.836,1,1
11561.0,437.85,0,3
11561.0,673.568,0,3
7501.0,274.8,0,3
7501.0,62.18,0,4
7501.0,8.28,0,1
40214.0,48.81,2,4
23666.0,149.9,0,4
77070.0,1023.332,1,3
77070.0,600.558,1,3
77070.0,39.992,1,0
77070.0,211.246,1,3
77070.0,56.064,1,0
77070.0,107.772,1,0
77070.0,4.832,1,1
77070.0,18.24,1,1
60610.0,3.798,2,1
43615.0,10.368,2,1
43615.0,235.188,2,3
43615.0,26.376,2,1
43615.0,10.384,2,1
